"","date","week_id","median","CrI.low","CrI.upp","OR.med","OR.CrI.low","OR.CrI.upp","Group"
"1",2020-01-06,1,-0.0606497350420525,-0.233572757335542,0.219929872371285,0.941152834907969,0.791699991662771,1.24598934924503,"HospAgg1 - SES"
"2",2020-01-13,2,-0.0558679582781239,-0.221805496249748,0.187778131968542,0.945663994749108,0.801071160527637,1.20656578727451,"HospAgg1 - SES"
"3",2020-01-20,3,-0.0512248760527192,-0.220066756031388,0.155769902877354,0.950064999641648,0.802465226780532,1.16855729048286,"HospAgg1 - SES"
"4",2020-01-27,4,-0.0360545968016157,-0.220056592785458,0.142975152151217,0.964587628646068,0.802473382473426,1.15370113431852,"HospAgg1 - SES"
"5",2020-02-03,5,-0.0523759923326534,-0.201181023964783,0.126291449291023,0.948971993562803,0.817764383203208,1.13461280219596,"HospAgg1 - SES"
"6",2020-02-10,6,-0.0562726029722897,-0.180055644193281,0.103665284121605,0.945281414240976,0.835223734767276,1.1092291161746,"HospAgg1 - SES"
"7",2020-02-17,7,-0.0613284476042074,-0.178523523059864,0.0751918022600555,0.940514279378351,0.836504379503362,1.07809091132878,"HospAgg1 - SES"
"8",2020-02-24,8,-0.052995031791849,-0.15380656842566,0.0581583567943307,0.948384724243311,0.857437860526901,1.05988282206778,"HospAgg1 - SES"
"9",2020-03-02,9,-0.0640344969715771,-0.153981451686768,0.0355597538967731,0.937972641757047,0.857287922108897,1.03619956323995,"HospAgg1 - SES"
"10",2020-03-09,10,-0.0672840926018552,-0.133013065454869,0.0141756035651784,0.934929557034363,0.875453653833844,1.01427655387992,"HospAgg1 - SES"
"11",2020-03-16,11,-0.0537736774292418,-0.104581937341178,0.00536685022633835,0.94764655603823,0.900700993338679,1.00538127756526,"HospAgg1 - SES"
"12",2020-03-23,12,-0.0453515728125648,-0.102677111353994,0.00507067597569478,0.955661438184974,0.902418307070132,1.00508355361002,"HospAgg1 - SES"
"13",2020-03-30,13,-0.0113741225046283,-0.0666098893876292,0.0426484317424484,0.988690318276234,0.935560102080655,1.04357094393186,"HospAgg1 - SES"
"14",2020-04-06,14,0.0355943168484218,-0.0133780877142295,0.0981032526815807,1.03623537797428,0.986711001179031,1.10307667485336,"HospAgg1 - SES"
"15",2020-04-13,15,0.0445199826906051,-0.00705525179116635,0.0967452836012991,1.04552586892167,0.992969578069796,1.10157974745633,"HospAgg1 - SES"
"16",2020-04-20,16,0.056025290158506,-0.0108908765536619,0.11928316531814,1.05762443088789,0.989168214330668,1.1266889123465,"HospAgg1 - SES"
"17",2020-04-27,17,0.0574977032102764,-0.009830980200285,0.131511772317659,1.05918283793168,0.990217185916293,1.14055133457596,"HospAgg1 - SES"
"18",2020-05-04,18,0.0752618685276663,0.0130554216591161,0.141408380990945,1.07816645178147,1.01314101575989,1.151894963951,"HospAgg1 - SES"
"19",2020-05-11,19,0.0766124311294961,-0.00461154412017241,0.164059996126196,1.07962356681084,0.99539907272313,1.17828500550801,"HospAgg1 - SES"
"20",2020-05-18,20,0.0682511442727564,-0.00350409006384246,0.175237079066837,1.0706341583544,0.996502042095109,1.19152866963429,"HospAgg1 - SES"
"21",2020-05-25,21,0.0520203767000853,-0.0430118413460701,0.148567869552951,1.05339720705363,0.957900047173914,1.16017153542591,"HospAgg1 - SES"
"22",2020-06-01,22,0.0435668655340758,-0.0597798222068842,0.152325132837222,1.04452983502231,0.941971912050117,1.16453880469192,"HospAgg1 - SES"
"23",2020-06-08,23,0.0531431754448448,-0.043703449992504,0.155974357675503,1.05458062436086,0.957237784258646,1.16879623205335,"HospAgg1 - SES"
"24",2020-06-15,24,0.0551599854943278,-0.04836222105693,0.175271629213462,1.05670965937,0.952788604469732,1.19156983783572,"HospAgg1 - SES"
"25",2020-06-22,25,0.0584413726642516,-0.0338039259715181,0.175803690208543,1.06018282817793,0.966761042787384,1.19220399435936,"HospAgg1 - SES"
"26",2020-06-29,26,0.0650518185988084,-0.0640745507697804,0.178219677287203,1.06721432450232,0.937935073142522,1.19508782605217,"HospAgg1 - SES"
"27",2020-07-06,27,0.0658112208882002,-0.0433061294923907,0.181416671028224,1.06802507730842,0.957618190020315,1.19891462822392,"HospAgg1 - SES"
"28",2020-07-13,28,0.0797448730577956,-0.0234975397430009,0.20295228849969,1.0830107272103,0.976776377786808,1.2250140195964,"HospAgg1 - SES"
"29",2020-07-20,29,0.0862247608417852,-0.0016866931117926,0.187784462594218,1.09005130162203,0.998314728555616,1.20657342561504,"HospAgg1 - SES"
"30",2020-07-27,30,0.098954822471017,-0.00971267967779064,0.205429282752399,1.10401642169832,0.990334336056094,1.22805213342431,"HospAgg1 - SES"
"31",2020-08-03,31,0.110957091584914,0.0194879207736036,0.210632968025718,1.1173469622386,1.01967904985217,1.23445918591052,"HospAgg1 - SES"
"32",2020-08-10,32,0.104624698327078,0.0139387155455467,0.195765652240211,1.11029383701826,1.014036312372,1.21624184838186,"HospAgg1 - SES"
"33",2020-08-17,33,0.104979716482728,-0.0021173517759748,0.191694088654474,1.11068808146634,0.997884888232056,1.21129990989606,"HospAgg1 - SES"
"34",2020-08-24,34,0.0874378961636856,0.00541722852235852,0.164326239977213,1.09137448379595,1.00543192823671,1.17859875841101,"HospAgg1 - SES"
"35",2020-08-31,35,0.089314981023031,0.010072465756666,0.17072675960199,1.09342501021934,1.01012336378589,1.18616659610507,"HospAgg1 - SES"
"36",2020-09-07,36,0.066182269929464,0.0131175081112659,0.133196614503015,1.06842144051995,1.01320392004382,1.14247460332621,"HospAgg1 - SES"
"37",2020-09-14,37,0.046752862954676,-0.00355156240535352,0.118133697888488,1.04786301130848,0.996454736932702,1.12539456418645,"HospAgg1 - SES"
"38",2020-09-21,38,0.055697741422562,0.00700220822452613,0.122431592587492,1.05727806407155,1.00702678100563,1.13024180051234,"HospAgg1 - SES"
"39",2020-09-28,39,0.0520901149965283,-0.0112274213075019,0.111277399291089,1.05347067174195,0.988835370968954,1.11770491440544,"HospAgg1 - SES"
"40",2020-10-05,40,0.0659191132230293,0.0189742229801689,0.113307870665805,1.0681403152442,1.01915537749044,1.11997668784448,"HospAgg1 - SES"
"41",2020-10-12,41,0.0727335309237669,0.0226153361772728,0.123368198561385,1.0754439261804,1.0228730016232,1.13130088763089,"HospAgg1 - SES"
"42",2020-10-19,42,0.083430785621588,0.0418606982161216,0.133417714853721,1.08700997596927,1.04274921180768,1.14272723278888,"HospAgg1 - SES"
"43",2020-10-26,43,0.0736952899600111,0.035389406410055,0.121217584884003,1.07647874163617,1.03602306428212,1.12887051080627,"HospAgg1 - SES"
"44",2020-11-02,44,0.0750238871687016,0.0176060982895853,0.122784046420091,1.07790989879271,1.01776199922989,1.13064022877636,"HospAgg1 - SES"
"45",2020-11-09,45,0.0763369769119419,0.0255801760118842,0.127789892253924,1.07932622090046,1.02591015635805,1.13631422919233,"HospAgg1 - SES"
"46",2020-11-16,46,0.0926539023143539,0.0359627167594778,0.145897870558801,1.0970819720228,1.03661719732215,1.15707801028557,"HospAgg1 - SES"
"47",2020-11-23,47,0.110440001124323,0.0618269495745359,0.16119843817188,1.11676934213705,1.06377824152163,1.17491809428135,"HospAgg1 - SES"
"48",2020-11-30,48,0.124208865584372,0.0688086680423837,0.169200073810086,1.13225233484931,1.07123122877126,1.18435707405323,"HospAgg1 - SES"
"49",2020-12-07,49,0.138901682626425,0.0974655498005693,0.196196967581031,1.14901112669389,1.10237346392348,1.216766545296,"HospAgg1 - SES"
"50",2020-12-14,50,0.155124561366185,0.115290581987191,0.208476901811826,1.16780341523479,1.12219948115371,1.23180047737312,"HospAgg1 - SES"
"51",2020-12-21,51,0.143149118442953,0.100837417205568,0.191836686322174,1.15390185688561,1.10609679483599,1.21147265075403,"HospAgg1 - SES"
"52",2020-12-28,52,0.138561277651029,0.0928118775120866,0.190854980629331,1.14862006415317,1.09725529745446,1.21028392474108,"HospAgg1 - SES"
"53",2021-01-04,53,0.110597626256744,0.0691960938410086,0.173331171717043,1.11694538692667,1.0716463317912,1.18925988911486,"HospAgg1 - SES"
"54",2021-01-11,54,0.14398009741908,0.100685594742619,0.194405805877464,1.15486112357922,1.1059288772435,1.21458907034491,"HospAgg1 - SES"
"55",2021-01-18,55,0.155884777305479,0.118487054106013,0.222886808909269,1.16869153554385,1.12579229961988,1.24967911318821,"HospAgg1 - SES"
"56",2021-01-25,56,0.149989590530116,0.0998865984496844,0.212792987667146,1.16182214871267,1.10504559708611,1.23712852387199,"HospAgg1 - SES"
"57",2021-02-01,57,0.165831862926223,0.114667827360658,0.228674698991964,1.18037462030308,1.12150084379733,1.25693309089633,"HospAgg1 - SES"
"58",2021-02-08,58,0.187708347570771,0.13583536616399,0.237282162286943,1.20648159074551,1.14549329111547,1.2677987923184,"HospAgg1 - SES"
"59",2021-02-15,59,0.183146186417786,0.131210783623408,0.233404142700562,1.20098996366918,1.14020809317752,1.26289176469456,"HospAgg1 - SES"
"60",2021-02-22,60,0.140515026639261,0.087307011951032,0.191618238949036,1.15086637308874,1.09123164945352,1.21120803663903,"HospAgg1 - SES"
"61",2021-03-01,61,0.127767119123867,0.0712056352636971,0.178780930523752,1.13628835205525,1.07380201472705,1.19575876122716,"HospAgg1 - SES"
"62",2021-03-08,62,0.0912622104873509,0.049646440392307,0.141989394939009,1.09555623393365,1.05089947507862,1.15256442545616,"HospAgg1 - SES"
"63",2021-03-15,63,0.0957286426388072,0.0486716640795675,0.148554719662259,1.1004604054425,1.04987558227754,1.16015627939734,"HospAgg1 - SES"
"64",2021-03-22,64,0.110839532166853,0.0607776278094149,0.164967263924808,1.11721561530063,1.06266258130518,1.17935451064152,"HospAgg1 - SES"
"65",2021-03-29,65,0.102844040182187,0.0615900610641645,0.145423328465726,1.10831854243828,1.06352627452385,1.15652905832543,"HospAgg1 - SES"
"66",2021-04-05,66,0.124629263378013,0.07387432447273,0.178144009415287,1.13272843130066,1.07667148573654,1.19499739972085,"HospAgg1 - SES"
"67",2021-04-12,67,0.125575342455806,0.0759996880658457,0.171051956636031,1.13380058906338,1.07896223759206,1.1865523966912,"HospAgg1 - SES"
"68",2021-04-19,68,0.130406004920109,0.0884465880038971,0.182792607956821,1.13929084712635,1.09247589973362,1.20056539454986,"HospAgg1 - SES"
"69",2021-04-26,69,0.172893822203864,0.134005911790588,0.229220212086695,1.18873988060233,1.14339957916354,1.25761895141255,"HospAgg1 - SES"
"70",2021-05-03,70,0.208760273047613,0.166899454129312,0.267551832069573,1.23214958365764,1.18163545077007,1.30676136022651,"HospAgg1 - SES"
"71",2021-05-10,71,0.208014680007733,0.147509001607918,0.273462536111644,1.23123124390038,1.15894371713974,1.31450811170442,"HospAgg1 - SES"
"72",2021-05-17,72,0.204898073937751,0.138473509364898,0.270039482070615,1.22739995454311,1.14851925616266,1.31001617186322,"HospAgg1 - SES"
"73",2021-05-24,73,0.207108221269944,0.144021531015499,0.25750942011405,1.23011568925962,1.15490897462025,1.29370399776212,"HospAgg1 - SES"
"74",2021-05-31,74,0.215102816977463,0.15803020637302,0.28289492029378,1.2399893823725,1.17120157192492,1.32696571732315,"HospAgg1 - SES"
"75",2021-06-07,75,0.207018400044405,0.138895704554675,0.284581380228677,1.23000520372291,1.14900425784347,1.32920547994451,"HospAgg1 - SES"
"76",2021-06-14,76,0.198886368409228,0.146395770849102,0.290785345755789,1.22004332255934,1.15765426320914,1.33747745792185,"HospAgg1 - SES"
"77",2021-06-21,77,0.178398514174064,0.116156850393229,0.268821955123434,1.19530157095067,1.12317202829211,1.30842216244435,"HospAgg1 - SES"
"78",2021-06-28,78,0.159931336724029,0.0531351534568292,0.25434101057009,1.1734302966573,1.05457216456166,1.28961150044598,"HospAgg1 - SES"
"79",2021-07-05,79,0.128448837428731,0.0442859814219391,0.210672832372554,1.1370632447237,1.04528124316441,1.23450839780056,"HospAgg1 - SES"
"80",2021-07-12,80,0.100447145899006,0.0344216165783701,0.171384268529876,1.10566520121947,1.03502089671712,1.18694676768875,"HospAgg1 - SES"
"81",2021-07-19,81,0.0768139090489433,0.00626918373278086,0.152033300194849,1.07984110903511,1.0062888761955,1.1641990038403,"HospAgg1 - SES"
"82",2021-07-26,82,0.08703854020375,0.028601106866486,0.160784557088912,1.09093872390877,1.02901404596086,1.1744319185245,"HospAgg1 - SES"
"83",2021-08-02,83,0.105249388669593,0.0495898809602248,0.172391186769393,1.11098764354016,1.050840038482,1.18814252795385,"HospAgg1 - SES"
"84",2021-08-09,84,0.139194814331183,0.088148080035207,0.219567752168659,1.14934798765415,1.09214983564074,1.24553823301349,"HospAgg1 - SES"
"85",2021-08-16,85,0.179294936971215,0.11301933661059,0.251143951858734,1.19637354692841,1.1196535830446,1.28549512042471,"HospAgg1 - SES"
"86",2021-08-23,86,0.22203272263076,0.155747758833149,0.284441134215996,1.24861223507293,1.16853141418507,1.32901907724734,"HospAgg1 - SES"
"87",2021-08-30,87,0.250071498530556,0.179611769099782,0.328211437876415,1.2841172259003,1.19675265655973,1.38848251905013,"HospAgg1 - SES"
"88",2021-09-06,88,0.284824446328614,0.214767991265936,0.345097619239138,1.3295286040052,1.23957427154403,1.4121277637773,"HospAgg1 - SES"
"89",2021-09-13,89,0.289484319969396,0.20799769951603,0.366904820650284,1.33573849672234,1.23121033716597,1.4432605439776,"HospAgg1 - SES"
"90",2021-09-20,90,0.287614496049587,0.214534886100696,0.344092606421165,1.33324323450805,1.23928535405402,1.4107092701956,"HospAgg1 - SES"
"91",2021-09-27,91,0.288886165594911,0.221647032541621,0.372838409562813,1.33493975780576,1.24813075056656,1.45184971584648,"HospAgg1 - SES"
"92",2021-10-04,92,0.268359208469392,0.202986256928513,0.334745339066245,1.30781683453414,1.22505563210468,1.39758442974453,"HospAgg1 - SES"
"93",2021-10-11,93,0.214201363818828,0.145598082525863,0.2791438095212,1.23887209369445,1.15673118413467,1.3219974460197,"HospAgg1 - SES"
"94",2021-10-18,94,0.166009236862035,0.0916725277387527,0.226055090479211,1.1805840065645,1.09600585179299,1.25364472726463,"HospAgg1 - SES"
"95",2021-10-25,95,0.186858717195002,0.127487241779386,0.243447039143441,1.2054569626774,1.13597037518805,1.27563875713041,"HospAgg1 - SES"
"96",2021-11-01,96,0.206645757929522,0.15389823419213,0.26606240745028,1.22954693737245,1.16637218393102,1.30481648641605,"HospAgg1 - SES"
"97",2021-11-08,97,0.194304214872524,0.155288070345226,0.254655286484097,1.21446568528818,1.16799437719051,1.29001685797272,"HospAgg1 - SES"
"98",2021-11-15,98,0.199214336919519,0.148947815402955,0.246545023231227,1.22044352397347,1.16061242153721,1.279596793503,"HospAgg1 - SES"
"99",2021-11-22,99,0.237562302862224,0.193945430779248,0.27982507321914,1.26815400395369,1.21403003247579,1.322898381741,"HospAgg1 - SES"
"100",2021-11-29,100,0.262703461348229,0.220473112277874,0.308208858284671,1.30044103073886,1.24666640426773,1.36098521229182,"HospAgg1 - SES"
"101",2021-12-06,101,0.282505491703081,0.239315292154922,0.334426799681539,1.32644905954113,1.27037901398371,1.39713931495727,"HospAgg1 - SES"
"102",2021-12-13,102,0.264820722224458,0.213657223474156,0.323077775619755,1.30319732051768,1.23819815678114,1.38137278385212,"HospAgg1 - SES"
"103",2021-12-20,103,0.264357867374583,0.202431275344761,0.318154800869086,1.30259426889099,1.22437593741625,1.3745890323354,"HospAgg1 - SES"
"104",2021-12-27,104,0.247959475279235,0.175377476524958,0.317574128270528,1.28140800244032,1.19169596897471,1.37379107784762,"HospAgg1 - SES"
"105",2020-01-06,1,-0.0310849625636628,-0.25094596829134,0.163304034994535,0.969393207444976,0.778064410572778,1.17739460443853,"HospAgg5 - SES"
"106",2020-01-13,2,-0.0365313369915437,-0.242309816605775,0.133068470546513,0.964127880555689,0.784812991784997,1.14232821149015,"HospAgg5 - SES"
"107",2020-01-20,3,-0.0211660301904487,-0.215401755037717,0.121612109320476,0.979056398154121,0.806217473172654,1.12931596567403,"HospAgg5 - SES"
"108",2020-01-27,4,-0.0374223959848884,-0.203591869893912,0.0949929087716726,0.963269168375408,0.815795253856455,1.09965105722173,"HospAgg5 - SES"
"109",2020-02-03,5,-0.0350682012621746,-0.217409516112297,0.0915045486675242,0.965539562995078,0.804600404998853,1.09582176121006,"HospAgg5 - SES"
"110",2020-02-10,6,-0.0389736017856937,-0.201365308099471,0.0973638227727505,0.961776097982805,0.81761369608652,1.10226132845115,"HospAgg5 - SES"
"111",2020-02-17,7,-0.0496961538005029,-0.225411694079014,0.0733536056062671,0.951518495860591,0.798187542021893,1.07611098852434,"HospAgg5 - SES"
"112",2020-02-24,8,-0.0484009048285992,-0.169286661157189,0.0471810252465844,0.952751747725792,0.844266850181817,1.04831176279939,"HospAgg5 - SES"
"113",2020-03-02,9,-0.0585992124476622,-0.172717682658256,0.0275375791574203,0.943084670019605,0.841375116103872,1.02792024275807,"HospAgg5 - SES"
"114",2020-03-09,10,-0.0665518789769675,-0.144570053749682,0.0103157151637099,0.935614375880583,0.865394286164885,1.01036910558224,"HospAgg5 - SES"
"115",2020-03-16,11,-0.0504066002354358,-0.105383384319873,0.000601125882324924,0.950842733012511,0.899979418439495,1.0006013065947,"HospAgg5 - SES"
"116",2020-03-23,12,-0.0444400973992841,-0.0793773610958674,-0.0062067086408225,0.956532897185693,0.923691293510586,0.993812513186599,"HospAgg5 - SES"
"117",2020-03-30,13,-0.0190856036886724,-0.057594055052628,0.0297461522356858,0.981095373265083,0.944033095128221,1.03019298857161,"HospAgg5 - SES"
"118",2020-04-06,14,0.0332978972253114,-0.0162841628168919,0.0793938649582273,1.03385847694378,0.98384770739348,1.08263064838241,"HospAgg5 - SES"
"119",2020-04-13,15,0.0441534052914889,-0.00795008324328913,0.109320600208809,1.04514267300771,0.992081435088738,1.11551992894065,"HospAgg5 - SES"
"120",2020-04-20,16,0.0545642072216185,-0.010569268329091,0.110327229446936,1.05608028221762,0.989486390125114,1.11664340928605,"HospAgg5 - SES"
"121",2020-04-27,17,0.0472522363001413,-0.00828424019511107,0.123128116387936,1.04838641684254,0.991749979562598,1.13102931505613,"HospAgg5 - SES"
"122",2020-05-04,18,0.0687297646498151,0.00829573180952754,0.141659717850607,1.07114670832761,1.00833023674121,1.15218451399968,"HospAgg5 - SES"
"123",2020-05-11,19,0.08467244460833,0.00465630643498451,0.145794610215641,1.08836050995243,1.00466716387511,1.15695853618174,"HospAgg5 - SES"
"124",2020-05-18,20,0.0736605639459695,-0.0107864844922786,0.15120008991753,1.07644136046933,0.989271481029634,1.16322938526963,"HospAgg5 - SES"
"125",2020-05-25,21,0.0457640438490085,-0.0376338901061645,0.151420260399288,1.04682737645493,0.963065464150972,1.16348552223964,"HospAgg5 - SES"
"126",2020-06-01,22,0.04308157087615,-0.0465370810718057,0.154832269663924,1.04402305325252,0.954529164949214,1.1674621258671,"HospAgg5 - SES"
"127",2020-06-08,23,0.0436614078364735,-0.0512827548577307,0.160811390620863,1.04462859194611,0.950010012606093,1.17446343310373,"HospAgg5 - SES"
"128",2020-06-15,24,0.0547659483358993,-0.0622608965116084,0.172121344050685,1.05629335852293,0.939637706609323,1.18782195959736,"HospAgg5 - SES"
"129",2020-06-22,25,0.0568704898165703,-0.0887372183829235,0.183858032370198,1.05851871256528,0.915086009763373,1.20184518787154,"HospAgg5 - SES"
"130",2020-06-29,26,0.0620991919399352,-0.0886536646556763,0.183367461883758,1.06406788645138,0.91516247180454,1.20125574268712,"HospAgg5 - SES"
"131",2020-07-06,27,0.0780172054615662,-0.0535906728980148,0.210846492866427,1.08114126004446,0.947819995521609,1.23472280175482,"HospAgg5 - SES"
"132",2020-07-13,28,0.0839456963618463,-0.040808513946033,0.196810432184842,1.08756983320655,0.960012941438482,1.21751321750771,"HospAgg5 - SES"
"133",2020-07-20,29,0.0956986475337152,-0.0226056634036342,0.188484775549685,1.10042739751203,0.977647930127691,1.20741870056067,"HospAgg5 - SES"
"134",2020-07-27,30,0.104826945016637,0.0148283014347688,0.226239512264304,1.11051841298035,1.01493878612109,1.25387594798351,"HospAgg5 - SES"
"135",2020-08-03,31,0.118614043280818,0.0355629973517441,0.228012363231668,1.1259352721328,1.03620292411202,1.25610085480221,"HospAgg5 - SES"
"136",2020-08-10,32,0.117927199682691,0.0140171742004422,0.217240520880093,1.12516219622075,1.01411587541825,1.24264294777246,"HospAgg5 - SES"
"137",2020-08-17,33,0.107324496336237,0.00931993082484211,0.200080878028574,1.11329545616852,1.00936349661834,1.22150154680221,"HospAgg5 - SES"
"138",2020-08-24,34,0.0950292591996577,0.0112810231167503,0.19498350318486,1.09969103073481,1.01134489380766,1.21529093789442,"HospAgg5 - SES"
"139",2020-08-31,35,0.0806497103873103,0.00137716083774884,0.179203726483245,1.0839911192253,1.0013781095592,1.19626443008978,"HospAgg5 - SES"
"140",2020-09-07,36,0.0648982414358482,-0.0044346161859696,0.13847213142436,1.06705043733907,0.995575202205428,1.14851767357251,"HospAgg5 - SES"
"141",2020-09-14,37,0.0529533653615204,-0.012524555400962,0.126048923731248,1.05438047332062,0.987553550422745,1.13433766295648,"HospAgg5 - SES"
"142",2020-09-21,38,0.0577413734693523,-0.00568411678142682,0.121018238414029,1.05944096073536,0.994332007245616,1.12864549688349,"HospAgg5 - SES"
"143",2020-09-28,39,0.0503162332846881,-0.00027397667247325,0.12269025387704,1.05160359585886,0.999726060855708,1.13053418812701,"HospAgg5 - SES"
"144",2020-10-05,40,0.0617356508690845,0.0124030261044632,0.117664998353521,1.06368112437869,1.01248026262461,1.12486721587117,"HospAgg5 - SES"
"145",2020-10-12,41,0.0780425037305991,0.0250187414190711,0.129028460443228,1.08116861139289,1.02533433656485,1.13772250379169,"HospAgg5 - SES"
"146",2020-10-19,42,0.0901593242909756,0.0391879142349541,0.135550958723811,1.09434862613529,1.03996588968433,1.14516755062451,"HospAgg5 - SES"
"147",2020-10-26,43,0.0774696090447795,0.0358608358318799,0.134378244439193,1.08054939303133,1.03651159118024,1.14382538342276,"HospAgg5 - SES"
"148",2020-11-02,44,0.0734731391790574,0.0330897569941855,0.126295402914461,1.0762396276037,1.03364331179448,1.1346172880366,"HospAgg5 - SES"
"149",2020-11-09,45,0.0782209509369922,0.0238080719367791,0.127679310003579,1.0813615601263,1.0240937466981,1.13618857995518,"HospAgg5 - SES"
"150",2020-11-16,46,0.0897386401354635,0.0491394286441615,0.144888671504178,1.09388834783035,1.0503667917484,1.15591087728528,"HospAgg5 - SES"
"151",2020-11-23,47,0.111791236681352,0.0507897666098671,0.163757452460358,1.11827938056019,1.05210168312753,1.17792857676339,"HospAgg5 - SES"
"152",2020-11-30,48,0.120853331385729,0.0656181995965147,0.172252035587931,1.12845939065413,1.06781894562299,1.18797720801984,"HospAgg5 - SES"
"153",2020-12-07,49,0.134945308552,0.0826019937607569,0.184081314248064,1.144474189689,1.0861094441768,1.20211356808309,"HospAgg5 - SES"
"154",2020-12-14,50,0.153734748023225,0.109959246475789,0.214956568855347,1.16618151379754,1.11623257912047,1.239808049514,"HospAgg5 - SES"
"155",2020-12-21,51,0.142070181692139,0.0873192839551897,0.189560473154324,1.15265754115508,1.09124504113503,1.20871821678259,"HospAgg5 - SES"
"156",2020-12-28,52,0.137237364116037,0.0896100423949607,0.192137874862525,1.14710039667981,1.09374768530509,1.21183758738799,"HospAgg5 - SES"
"157",2021-01-04,53,0.114196976633932,0.0701214341238816,0.167575474373956,1.12097290860909,1.07263842825362,1.18243453032313,"HospAgg5 - SES"
"158",2021-01-11,54,0.148967751726346,0.100827189493688,0.201482747134466,1.16063556011242,1.10608548205452,1.22321513291455,"HospAgg5 - SES"
"159",2021-01-18,55,0.160918030115357,0.11189411508846,0.214257992622382,1.17458868396877,1.11839443327969,1.23894225152533,"HospAgg5 - SES"
"160",2021-01-25,56,0.159969717757521,0.108596062297138,0.219857251110786,1.17347533498912,1.11471198518919,1.24589886721342,"HospAgg5 - SES"
"161",2021-02-01,57,0.180020400939997,0.122261404164692,0.216426073138618,1.19724178773054,1.13004946281022,1.24163129205646,"HospAgg5 - SES"
"162",2021-02-08,58,0.187816585941194,0.145833142214027,0.246287858225196,1.20661218541438,1.15700311696508,1.27926776829458,"HospAgg5 - SES"
"163",2021-02-15,59,0.181531708948317,0.129230958211521,0.241303844943729,1.19905255680247,1.13795291338757,1.27290774313723,"HospAgg5 - SES"
"164",2021-02-22,60,0.141893203195048,0.0833947651475488,0.199794467258798,1.15245356360614,1.08697082205983,1.2211517456997,"HospAgg5 - SES"
"165",2021-03-01,61,0.128678262215464,0.0743720165442077,0.184439376776478,1.13732414514349,1.07720746996506,1.20254407697667,"HospAgg5 - SES"
"166",2021-03-08,62,0.0880684482176773,0.0288080617129629,0.148020557752174,1.092062869227,1.02922702744278,1.15953673358676,"HospAgg5 - SES"
"167",2021-03-15,63,0.0922835790778983,0.0455924105788163,0.143181955298339,1.09667577229351,1.04664772146681,1.15393974801612,"HospAgg5 - SES"
"168",2021-03-22,64,0.104654559271915,0.057660471076591,0.140157634038194,1.1103269919363,1.05935525289368,1.1504551354532,"HospAgg5 - SES"
"169",2021-03-29,65,0.103806498252906,0.0597480426934414,0.142785358790483,1.10938576606098,1.06156904277027,1.15348219028068,"HospAgg5 - SES"
"170",2021-04-05,66,0.129988305730814,0.0874019689933834,0.178662658156683,1.13881506563682,1.09133527450336,1.19561734437104,"HospAgg5 - SES"
"171",2021-04-12,67,0.129877286404895,0.0725740316446448,0.169349626727388,1.13868864217374,1.07527240732837,1.18453421135415,"HospAgg5 - SES"
"172",2021-04-19,68,0.134876551623144,0.0912523421588362,0.167452583771181,1.14439550186376,1.09554542267818,1.18228922915921,"HospAgg5 - SES"
"173",2021-04-26,69,0.177590247670122,0.125913301190487,0.221784040246554,1.19433583906571,1.13418383163228,1.24830176581108,"HospAgg5 - SES"
"174",2021-05-03,70,0.214023246331125,0.165791915067837,0.257426129338778,1.2386514485605,1.18032746780674,1.29359624864049,"HospAgg5 - SES"
"175",2021-05-10,71,0.216007260675506,0.168983918551022,0.268196764904719,1.24111139027503,1.18410109670949,1.30760440535994,"HospAgg5 - SES"
"176",2021-05-17,72,0.203835809134184,0.155506956077073,0.259162986909572,1.22609682302941,1.16825006247646,1.29584499338785,"HospAgg5 - SES"
"177",2021-05-24,73,0.201373879389976,0.150855489374156,0.269118145611257,1.22308197149063,1.16282860484994,1.30880976204175,"HospAgg5 - SES"
"178",2021-05-31,74,0.217906399743589,0.157522735888761,0.278831823184233,1.24347067299803,1.17060737247814,1.32158506521097,"HospAgg5 - SES"
"179",2021-06-07,75,0.203805496690759,0.133458360479438,0.269563882888859,1.22605965760212,1.14277368059623,1.30939327737959,"HospAgg5 - SES"
"180",2021-06-14,76,0.199191815131316,0.138000344044,0.293616954707588,1.22041603771243,1.14797594522835,1.34127003808242,"HospAgg5 - SES"
"181",2021-06-21,77,0.168964973355701,0.101346135198224,0.247192105058855,1.18407866389543,1.10665962932703,1.28042506528568,"HospAgg5 - SES"
"182",2021-06-28,78,0.145168564358013,0.079863737478269,0.236438529295812,1.15623445376076,1.08313946630385,1.26672968646098,"HospAgg5 - SES"
"183",2021-07-05,79,0.121043711249287,0.0429858136739574,0.207223298998811,1.12867424705047,1.04392308531231,1.23025725632484,"HospAgg5 - SES"
"184",2021-07-12,80,0.105257629930757,0.0344681619492478,0.173474565420933,1.11099679951721,1.03506907326982,1.18943043372246,"HospAgg5 - SES"
"185",2021-07-19,81,0.0782437059031981,0.0110065512902205,0.139424426220249,1.08138616675202,1.01106734621864,1.14961192191685,"HospAgg5 - SES"
"186",2021-07-26,82,0.0959534703534129,0.0323801851734025,0.164907372265891,1.10070784725531,1.03291012778181,1.17928387925856,"HospAgg5 - SES"
"187",2021-08-02,83,0.113626473621842,0.048660227093419,0.165894115989501,1.12033357257716,1.04986357493372,1.1804481045263,"HospAgg5 - SES"
"188",2021-08-09,84,0.152143609538011,0.0726201712910649,0.206793070712361,1.16432743295106,1.07532202116162,1.22972807869531,"HospAgg5 - SES"
"189",2021-08-16,85,0.187530324303822,0.125723438328767,0.246808576134251,1.20626682806815,1.13396851268547,1.27993407939702,"HospAgg5 - SES"
"190",2021-08-23,86,0.224823508373611,0.166250617896313,0.286867729453519,1.25210171122226,1.18086901154907,1.33224798465201,"HospAgg5 - SES"
"191",2021-08-30,87,0.252323942916139,0.195043973844205,0.312875022609676,1.2870128884714,1.21536442956075,1.3673506324349,"HospAgg5 - SES"
"192",2021-09-06,88,0.279471701865462,0.21997878831916,0.347357686721241,1.32243098993537,1.24605029948579,1.41532287704255,"HospAgg5 - SES"
"193",2021-09-13,89,0.289336688814871,0.223702723800403,0.363001327269688,1.33554131466139,1.25069916106534,1.43763776737297,"HospAgg5 - SES"
"194",2021-09-20,90,0.286809027637314,0.209567261487024,0.343799497369562,1.33216978157103,1.23314431544182,1.41029583913248,"HospAgg5 - SES"
"195",2021-09-27,91,0.29496658419004,0.212442306830031,0.359808396299773,1.34308147778099,1.23669476266593,1.43305480964936,"HospAgg5 - SES"
"196",2021-10-04,92,0.267066843003223,0.21001068860353,0.334115463647798,1.30612774891417,1.23369124632288,1.39670440284978,"HospAgg5 - SES"
"197",2021-10-11,93,0.216596049999659,0.155515004864936,0.279160805036081,1.24184235858376,1.16825946551123,1.3220199142379,"HospAgg5 - SES"
"198",2021-10-18,94,0.16293629355349,0.10650709740652,0.228278078963066,1.17696170725201,1.11238582147205,1.25643466490689,"HospAgg5 - SES"
"199",2021-10-25,95,0.193383494941035,0.128654180449122,0.250424446592521,1.21334801713425,1.13729675669895,1.28457053257867,"HospAgg5 - SES"
"200",2021-11-01,96,0.217677365739643,0.149549762415908,0.277063724304214,1.24318590854262,1.16131125902802,1.31925043667258,"HospAgg5 - SES"
"201",2021-11-08,97,0.194440215325847,0.142649723962914,0.248699946435713,1.21463086440388,1.15332574853241,1.28235719948896,"HospAgg5 - SES"
"202",2021-11-15,98,0.205683694505993,0.156225066603086,0.254386578120844,1.2283646040675,1.16908929643865,1.28967026622238,"HospAgg5 - SES"
"203",2021-11-22,99,0.2395868370237,0.193004011194463,0.289119564278294,1.27072402572733,1.21288765863762,1.33525136735085,"HospAgg5 - SES"
"204",2021-11-29,100,0.263866213652105,0.216809842516679,0.313829052293624,1.30195400097776,1.24210788356996,1.36865574798711,"HospAgg5 - SES"
"205",2021-12-06,101,0.287046626298663,0.226850560936965,0.327382675851387,1.33248634093337,1.2546423613513,1.3873322741714,"HospAgg5 - SES"
"206",2021-12-13,102,0.2722789647775,0.222227891100688,0.339317394550751,1.31295321793027,1.24885594859421,1.40398889292571,"HospAgg5 - SES"
"207",2021-12-20,103,0.261794122868893,0.210911838395079,0.327391860517259,1.29925902717161,1.23480348800525,1.38734501641331,"HospAgg5 - SES"
"208",2021-12-27,104,0.247284250386374,0.184598488282803,0.329068941764082,1.28054305590874,1.20273543079908,1.38967365883869,"HospAgg5 - SES"
"209",2020-01-06,1,-0.0431764134978396,-0.314397800098017,0.181724849079416,0.957742416473138,0.730228485411218,1.19928416433613,"HospAgg1 - Migration"
"210",2020-01-13,2,-0.0489919538784871,-0.347723293740131,0.179005368307488,0.952188791094399,0.706294285227721,1.19602716479223,"HospAgg1 - Migration"
"211",2020-01-20,3,-0.0571051452760133,-0.303140063449075,0.15423172537412,0.94449475498369,0.738495652878057,1.16676122363633,"HospAgg1 - Migration"
"212",2020-01-27,4,-0.0618227588624861,-0.268144422394025,0.150716338320279,0.940049487466884,0.764797319266682,1.16266680728151,"HospAgg1 - Migration"
"213",2020-02-03,5,-0.0762581172190649,-0.285836671818418,0.115135788066272,0.926577010209237,0.751385328324761,1.12202578493987,"HospAgg1 - Migration"
"214",2020-02-10,6,-0.0772627238669256,-0.304240694148393,0.0873798006804899,0.925646632195243,0.737683289029489,1.09131108170968,"HospAgg1 - Migration"
"215",2020-02-17,7,-0.0826757610121376,-0.23841834708523,0.0604760112509261,0.920649609328489,0.787873017759129,1.06234211300628,"HospAgg1 - Migration"
"216",2020-02-24,8,-0.0830749032983109,-0.205685805124643,0.0389092068926038,0.920282212465346,0.81408881863925,1.03967608394245,"HospAgg1 - Migration"
"217",2020-03-02,9,-0.0993833267114949,-0.188606665701824,0.00233703748544282,0.90539557918595,0.82811216756198,1.00233977048617,"HospAgg1 - Migration"
"218",2020-03-09,10,-0.11357866857138,-0.182979638307522,-0.043972091317527,0.892633971409675,0.832785112478817,0.956980665169874,"HospAgg1 - Migration"
"219",2020-03-16,11,-0.0948146757643398,-0.159004344278691,-0.0460845767795304,0.909541478929446,0.852992653323275,0.954961191232958,"HospAgg1 - Migration"
"220",2020-03-23,12,0.00448690351875849,-0.0413766650141127,0.0492125302993411,1.00449698474254,0.959467663975088,1.05044357810599,"HospAgg1 - Migration"
"221",2020-03-30,13,0.0833628630136527,0.0429384261722644,0.123043386928835,1.08693614592425,1.04387361757743,1.1309334876138,"HospAgg1 - Migration"
"222",2020-04-06,14,0.138450134551809,0.0880198638824503,0.188581611018839,1.14849241005348,1.09200981336733,1.20753562717823,"HospAgg1 - Migration"
"223",2020-04-13,15,0.168823014773537,0.113474702605173,0.228779643100945,1.18391058569748,1.12016355131432,1.25706500554131,"HospAgg1 - Migration"
"224",2020-04-20,16,0.211121011255785,0.151549704737139,0.287685188244437,1.23506180239849,1.16363613860068,1.33333748773001,"HospAgg1 - Migration"
"225",2020-04-27,17,0.237915190057197,0.168829413452469,0.300583038506274,1.26860159823344,1.18391816118544,1.35064605671483,"HospAgg1 - Migration"
"226",2020-05-04,18,0.251731622090888,0.162992074221798,0.320430443537316,1.28625078966097,1.1770273607937,1.37772066767873,"HospAgg1 - Migration"
"227",2020-05-11,19,0.252373614552455,0.155889133458343,0.325965536949954,1.28707681809526,1.16869662655392,1.38536762405631,"HospAgg1 - Migration"
"228",2020-05-18,20,0.26204314896709,0.165401074133342,0.347785274321392,1.29958261686716,1.17986623765589,1.41592818095599,"HospAgg1 - Migration"
"229",2020-05-25,21,0.267696157036634,0.176897115972011,0.349873116913578,1.30694997212716,1.19350829386949,1.41888750434538,"HospAgg1 - Migration"
"230",2020-06-01,22,0.272423862865056,0.196599441217801,0.399229498066825,1.31314347612429,1.21725636031479,1.49067568654226,"HospAgg1 - Migration"
"231",2020-06-08,23,0.286922550079335,0.194532510809427,0.369500148191167,1.33232102132221,1.21474297452043,1.44701114272692,"HospAgg1 - Migration"
"232",2020-06-15,24,0.288476823711814,0.182987748807308,0.402256257988953,1.334393422878,1.20079969676225,1.49519443910696,"HospAgg1 - Migration"
"233",2020-06-22,25,0.286986464156488,0.163086951108422,0.411931217597181,1.33240617811209,1.17713903878291,1.5097305898598,"HospAgg1 - Migration"
"234",2020-06-29,26,0.298897926471812,0.172181582112654,0.441596320143728,1.34837198336267,1.18789351384529,1.55518781570843,"HospAgg1 - Migration"
"235",2020-07-06,27,0.319801251050076,0.203789237784847,0.419614305333377,1.37685408883614,1.22603972337555,1.52137465635306,"HospAgg1 - Migration"
"236",2020-07-13,28,0.371746674119481,0.245449195230921,0.462693123570562,1.45026554495839,1.27819534352189,1.58834584171805,"HospAgg1 - Migration"
"237",2020-07-20,29,0.409940569803204,0.305193069849375,0.499985893826857,1.5067282372963,1.35688695167759,1.64869801371645,"HospAgg1 - Migration"
"238",2020-07-27,30,0.452221146945816,0.357814614936743,0.553672234963578,1.5717995088061,1.43020045809969,1.73962963124575,"HospAgg1 - Migration"
"239",2020-08-03,31,0.490327205199079,0.389242001992693,0.588699020736795,1.63285040969915,1.47586166958463,1.80164298988415,"HospAgg1 - Migration"
"240",2020-08-10,32,0.494576053933096,0.420225210539379,0.57206112157577,1.6398029036836,1.52230435600117,1.77191542338265,"HospAgg1 - Migration"
"241",2020-08-17,33,0.504432555640649,0.417141965552528,0.589313317009163,1.65604554009224,1.517617947113,1.80275007246051,"HospAgg1 - Migration"
"242",2020-08-24,34,0.51692112875722,0.423803922808624,0.605580245285666,1.67685686730995,1.52776200513071,1.83231509268368,"HospAgg1 - Migration"
"243",2020-08-31,35,0.512292923534902,0.432193250124617,0.607996102772563,1.66911396129986,1.54063281387831,1.83674705615922,"HospAgg1 - Migration"
"244",2020-09-07,36,0.510997492387487,0.43272499746574,0.572282999893872,1.66695313898626,1.54145225913035,1.77230861661552,"HospAgg1 - Migration"
"245",2020-09-14,37,0.458124725475783,0.395599786624658,0.523243145347705,1.58110619498617,1.48527477175702,1.68749156519266,"HospAgg1 - Migration"
"246",2020-09-21,38,0.430307554575785,0.37814459514331,0.49543394630926,1.53773038684572,1.4595739749264,1.64121028169619,"HospAgg1 - Migration"
"247",2020-09-28,39,0.36673287138312,0.303708969635627,0.420271951983844,1.44301239771963,1.35487468903163,1.52237551236865,"HospAgg1 - Migration"
"248",2020-10-05,40,0.305082401776236,0.26281696565923,0.36065309516603,1.35673679592206,1.3005886447793,1.43426582082024,"HospAgg1 - Migration"
"249",2020-10-12,41,0.270002492730398,0.220964744947041,0.32074885424945,1.30996771612552,1.24727945688562,1.37815941854542,"HospAgg1 - Migration"
"250",2020-10-19,42,0.227355840758453,0.176088387273626,0.268867592685382,1.25527646700658,1.19254345965763,1.30848187700445,"HospAgg1 - Migration"
"251",2020-10-26,43,0.190708598278068,0.140708763357248,0.229266392517708,1.2101067735007,1.15108935976236,1.25767703013881,"HospAgg1 - Migration"
"252",2020-11-02,44,0.164848455817685,0.116052596031704,0.22155052503591,1.17921440208766,1.12305493881307,1.24801030239319,"HospAgg1 - Migration"
"253",2020-11-09,45,0.176315733463432,0.1270139088253,0.236893299592119,1.19281461069077,1.13543281020826,1.26730588850569,"HospAgg1 - Migration"
"254",2020-11-16,46,0.173583520890788,0.122092853951569,0.225392723156796,1.18956003573452,1.12985900878341,1.25281462890873,"HospAgg1 - Migration"
"255",2020-11-23,47,0.120163903044528,0.0757821305948113,0.187132096584807,1.12768166689153,1.07872752682877,1.20578655481609,"HospAgg1 - Migration"
"256",2020-11-30,48,0.0823187477195354,0.0321188962650767,0.132916882015726,1.08580185154066,1.03264027507841,1.14215506075906,"HospAgg1 - Migration"
"257",2020-12-07,49,0.0395886562093588,-0.0140825564088328,0.07950147822516,1.04038273118564,0.98601613895116,1.08274716007235,"HospAgg1 - Migration"
"258",2020-12-14,50,0.0327563361135221,-0.0189101007606972,0.0840749255362589,1.03329873097958,0.981267573486094,1.08771038803991,"HospAgg1 - Migration"
"259",2020-12-21,51,-0.0280259159349848,-0.0737571109229057,0.0309029317719091,0.972363166774096,0.928897285447687,1.03138538427565,"HospAgg1 - Migration"
"260",2020-12-28,52,-0.0620574630883045,-0.123769157688998,-0.00757739549389725,0.939828879769489,0.883583785865372,0.992451240592705,"HospAgg1 - Migration"
"261",2021-01-04,53,-0.0342654754129762,-0.0767828424845103,0.027257348791214,0.966314937725752,0.926090939379575,1.02763222864904,"HospAgg1 - Migration"
"262",2021-01-11,54,0.00129028222403534,-0.0542110619716468,0.0524994323745802,1.00129111499628,0.947232160714617,1.05390196385682,"HospAgg1 - Migration"
"263",2021-01-18,55,0.000187252903491378,-0.0607940385093799,0.0516170649813379,1.00018727043641,0.941017033089179,1.05297244527699,"HospAgg1 - Migration"
"264",2021-01-25,56,0.00975706320976295,-0.052045279186168,0.0617974271998428,1.0098048185419,0.949285882977538,1.06374683672537,"HospAgg1 - Migration"
"265",2021-02-01,57,0.0155135976969586,-0.0355575030120246,0.0700696323054903,1.01563455825536,0.965067238361414,1.07258286507171,"HospAgg1 - Migration"
"266",2021-02-08,58,0.033158147856202,-0.0200557109952724,0.0916577858793972,1.03371400596898,0.980144066984201,1.09598969474796,"HospAgg1 - Migration"
"267",2021-02-15,59,0.0131305180730711,-0.0404294389436087,0.0662593705223468,1.01321710187386,0.960376927331203,1.06850381962216,"HospAgg1 - Migration"
"268",2021-02-22,60,0.0269091568478145,-0.0321077590929832,0.080408169034775,1.02727447767287,0.968402222311322,1.08372932216291,"HospAgg1 - Migration"
"269",2021-03-01,61,0.047984429258774,-0.0119421896136959,0.0978938041029106,1.04915431908688,0.988128835320467,1.10284566120524,"HospAgg1 - Migration"
"270",2021-03-08,62,0.0633553429355075,0.00846572025474937,0.107313240466906,1.06540535624244,1.00850165579964,1.11328292513086,"HospAgg1 - Migration"
"271",2021-03-15,63,0.065802097306965,0.00926393848399718,0.118309349176618,1.06801533313932,1.00930698157563,1.12559225855343,"HospAgg1 - Migration"
"272",2021-03-22,64,0.0720448554805607,0.0135088906194083,0.121633105950198,1.07470354932684,1.01360054794685,1.12933967775214,"HospAgg1 - Migration"
"273",2021-03-29,65,0.0906535589322584,0.0490172069807653,0.14118009352118,1.0948896248151,1.05023842201688,1.15163203077756,"HospAgg1 - Migration"
"274",2021-04-05,66,0.0871872310366994,0.0270928705137366,0.133566997334051,1.09110094855669,1.02746321936975,1.14289783467815,"HospAgg1 - Migration"
"275",2021-04-12,67,0.109715365336761,0.060481381707552,0.161940748511707,1.11596038424061,1.06234781828384,1.17579057191571,"HospAgg1 - Migration"
"276",2021-04-19,68,0.0879650019274567,0.0315301488828656,0.134425225733765,1.09194990521745,1.03203248975326,1.1438791230824,"HospAgg1 - Migration"
"277",2021-04-26,69,0.0656083893231161,0.0113827066614099,0.100152982282082,1.06780847007858,1.01144773616993,1.10534000257792,"HospAgg1 - Migration"
"278",2021-05-03,70,0.00573058483350922,-0.0367827253224958,0.0663479313348839,1.00574703604478,0.963885540518976,1.0685984513789,"HospAgg1 - Migration"
"279",2021-05-10,71,0.0381896536906068,-0.0236356363392064,0.0991156741273865,1.03892825077236,0.976641497607243,1.10419401885143,"HospAgg1 - Migration"
"280",2021-05-17,72,0.0315785811919045,-0.0223469608929758,0.0924917751984602,1.03208247468018,0.977900882820093,1.09690411970451,"HospAgg1 - Migration"
"281",2021-05-24,73,0.0426404633666075,-0.018601665418803,0.100719595412424,1.04356262839949,0.981570277765561,1.10596648020534,"HospAgg1 - Migration"
"282",2021-05-31,74,0.0939249266325665,0.0184802391259494,0.146731040222407,1.09847727643339,1.01865205551572,1.15804245429912,"HospAgg1 - Migration"
"283",2021-06-07,75,0.0867931271767058,0.0146211929203386,0.152909395724152,1.09067102618382,1.01472860542272,1.1652194002999,"HospAgg1 - Migration"
"284",2021-06-14,76,0.134584187228606,0.0402961851526193,0.20813124196752,1.14406097027069,1.0411190925478,1.23137476699163,"HospAgg1 - Migration"
"285",2021-06-21,77,0.127743614366512,0.0440651041340873,0.220019718858386,1.13626164418714,1.04505038977445,1.24610130204023,"HospAgg1 - Migration"
"286",2021-06-28,78,0.135973193826115,0.0456448544855505,0.250392802194974,1.14565118265843,1.04670261320165,1.28452988376122,"HospAgg1 - Migration"
"287",2021-07-05,79,0.159450490267576,0.0767262432487965,0.220238365479943,1.17286619249187,1.07974644804958,1.24637378766798,"HospAgg1 - Migration"
"288",2021-07-12,80,0.163379925079654,0.0781295862397701,0.238221069999773,1.17748396040585,1.08126276636797,1.26898969737031,"HospAgg1 - Migration"
"289",2021-07-19,81,0.172796800061923,0.112123248732863,0.234423169001279,1.1886245521077,1.1186507244334,1.26417934054315,"HospAgg1 - Migration"
"290",2021-07-26,82,0.228670940994033,0.173150671557773,0.295093616485122,1.25692836735325,1.18904524688752,1.34325210334085,"HospAgg1 - Migration"
"291",2021-08-02,83,0.28930040841421,0.23700237087296,0.342699135512368,1.33549286156635,1.26744412272072,1.40874485686109,"HospAgg1 - Migration"
"292",2021-08-09,84,0.302470799033182,0.242973852667044,0.36382880717263,1.35319816114963,1.27503528491047,1.43882787606079,"HospAgg1 - Migration"
"293",2021-08-16,85,0.292621897510491,0.229788414158104,0.35126609987716,1.33993606147935,1.25833373615764,1.42086536771134,"HospAgg1 - Migration"
"294",2021-08-23,86,0.255123647386842,0.171518558373236,0.30316371052894,1.29062119294526,1.1871061732873,1.35413613263962,"HospAgg1 - Migration"
"295",2021-08-30,87,0.190739475262087,0.0994588729258198,0.250153667849973,1.21014413852507,1.10457304194835,1.28422274527398,"HospAgg1 - Migration"
"296",2021-09-06,88,0.153797206181513,0.0717277746785928,0.224988571192982,1.16625435362182,1.0743628354833,1.252308403719,"HospAgg1 - Migration"
"297",2021-09-13,89,0.154624993266267,0.0740292679714518,0.222498719286089,1.16722016360065,1.07683832190827,1.24919421978921,"HospAgg1 - Migration"
"298",2021-09-20,90,0.116265919520768,0.0308565920524251,0.181680567100364,1.12329453836623,1.03133759127363,1.1992310588357,"HospAgg1 - Migration"
"299",2021-09-27,91,0.103791980240265,0.018980183929982,0.159368656601919,1.10936966010132,1.0191614526426,1.1727702164791,"HospAgg1 - Migration"
"300",2021-10-04,92,0.0490838577097889,-0.0105810702591547,0.118324699379474,1.05030842350615,0.989474712344849,1.12560953675555,"HospAgg1 - Migration"
"301",2021-10-11,93,-0.0531973863820223,-0.138882608291553,0.0308946339071038,0.948192833656735,0.87033019200971,1.03137682601468,"HospAgg1 - Migration"
"302",2021-10-18,94,-0.136866719107677,-0.207000265810733,-0.0677182297051517,0.872086450847022,0.813019433878251,0.934523757517373,"HospAgg1 - Migration"
"303",2021-10-25,95,-0.168953947326896,-0.220524730200498,-0.10236125142857,0.844547796174047,0.802097802576876,0.90270338987005,"HospAgg1 - Migration"
"304",2021-11-01,96,-0.154014539086447,-0.201833278718889,-0.0955326274688317,0.857259557150042,0.817231166412023,0.908888706431946,"HospAgg1 - Migration"
"305",2021-11-08,97,-0.166234311909915,-0.220035931613292,-0.104420239063171,0.846847784418961,0.802489962685422,0.90084664691395,"HospAgg1 - Migration"
"306",2021-11-15,98,-0.116030603628647,-0.16351435744319,-0.0619476089852159,0.890447971941417,0.849154307229337,0.939932129499233,"HospAgg1 - Migration"
"307",2021-11-22,99,-0.0897622868337104,-0.140877204131038,-0.0422937302768467,0.914148464571102,0.868595965145549,0.958588172846759,"HospAgg1 - Migration"
"308",2021-11-29,100,-0.0768264183099551,-0.130916766555948,-0.0202727503246627,0.926050585081697,0.877290791286271,0.979931360256895,"HospAgg1 - Migration"
"309",2021-12-06,101,-0.0803807485679453,-0.123792358789651,-0.0344936426414952,0.922764938063055,0.883563285986833,0.966094481475937,"HospAgg1 - Migration"
"310",2021-12-13,102,-0.0757507447188946,-0.1246618047678,-0.0217840034108401,0.927047249186583,0.88279540930341,0.978451554426671,"HospAgg1 - Migration"
"311",2021-12-20,103,-0.0384031752550556,-0.103783448323357,0.0296730961952824,0.962324877089828,0.901420480403232,1.03011772950011,"HospAgg1 - Migration"
"312",2021-12-27,104,-0.0418594303141975,-0.139067322217215,0.0567712227799295,0.959004578070264,0.870169444749907,1.05841364176458,"HospAgg1 - Migration"
"313",2020-01-06,1,-0.0117700059623305,-0.222292140478519,0.293141321162639,0.988298989599824,0.800681418711027,1.34063223675135,"HospAgg5 - Migration"
"314",2020-01-13,2,-0.00844793454634639,-0.19946420952947,0.264826938670987,0.991587648979768,0.819169538751505,1.30320542179932,"HospAgg5 - Migration"
"315",2020-01-20,3,-0.00409490544251802,-0.171748444223845,0.245926689031574,0.995913467250413,0.842191004535498,1.27880581961212,"HospAgg5 - Migration"
"316",2020-01-27,4,-0.033845845363853,-0.167031316448099,0.165052180843363,0.966720517601339,0.846173111785916,1.17945466204466,"HospAgg5 - Migration"
"317",2020-02-03,5,-0.045625318097699,-0.184829788935781,0.138068326843288,0.955399866175771,0.831245759036736,1.14805399049946,"HospAgg5 - Migration"
"318",2020-02-10,6,-0.0611451947812109,-0.198504940585102,0.0915984861148683,0.940686647068066,0.819955719669385,1.09592470474411,"HospAgg5 - Migration"
"319",2020-02-17,7,-0.0654837245907588,-0.201564895297946,0.0811965424975076,0.936614290416457,0.817450527143241,1.08458404247642,"HospAgg5 - Migration"
"320",2020-02-24,8,-0.0755250529262829,-0.206339217533706,0.0492268125125174,0.927256499754267,0.813557056651932,1.05045858087224,"HospAgg5 - Migration"
"321",2020-03-02,9,-0.0987103707531767,-0.203996656632126,0.00698627517011816,0.906005075594716,0.815465097582544,1.00701073612096,"HospAgg5 - Migration"
"322",2020-03-09,10,-0.111342883031585,-0.197183972878456,-0.0264308556328558,0.894631942220129,0.821039570404252,0.973915382270231,"HospAgg5 - Migration"
"323",2020-03-16,11,-0.0910140162612399,-0.15849510140381,-0.0273374696695692,0.913004913894196,0.853427144375652,0.973032817047555,"HospAgg5 - Migration"
"324",2020-03-23,12,0.00283907377433782,-0.0455595270238419,0.0490819628008908,1.00284310776098,0.955462725026683,1.05030643326926,"HospAgg5 - Migration"
"325",2020-03-30,13,0.0822512095812355,0.0318391233375915,0.138588529599382,1.08572852098138,1.03235141069572,1.14865136671436,"HospAgg5 - Migration"
"326",2020-04-06,14,0.139389576129409,0.0903915778189335,0.194916460059641,1.14957185853505,1.09460282198232,1.21520946372306,"HospAgg5 - Migration"
"327",2020-04-13,15,0.167113864103627,0.096499591908302,0.236088900545368,1.18188883235952,1.10130913170859,1.26628687875721,"HospAgg5 - Migration"
"328",2020-04-20,16,0.213113433640252,0.147934035025235,0.29643354741711,1.23752502025012,1.15943641164671,1.34505317476976,"HospAgg5 - Migration"
"329",2020-04-27,17,0.23422734903887,0.16645168047292,0.304470562173517,1.2639318132284,1.18110646398577,1.35590694451372,"HospAgg5 - Migration"
"330",2020-05-04,18,0.24100604666916,0.160985232209769,0.312901026139772,1.27252872984519,1.17466762144076,1.36738618884051,"HospAgg5 - Migration"
"331",2020-05-11,19,0.250264932818603,0.169814926418701,0.341828646704136,1.28436564222701,1.18508550300502,1.40751909381345,"HospAgg5 - Migration"
"332",2020-05-18,20,0.25256844228121,0.177564605649272,0.351980530779514,1.28732760077738,1.19430521427386,1.4218808405375,"HospAgg5 - Migration"
"333",2020-05-25,21,0.262952655478166,0.179817421473743,0.379979231518587,1.30076513339061,1.1969987968934,1.46225422031927,"HospAgg5 - Migration"
"334",2020-06-01,22,0.263926891426823,0.176785514688065,0.375606192817248,1.30203300304613,1.1933751042437,1.45587368734958,"HospAgg5 - Migration"
"335",2020-06-08,23,0.277387905637501,0.184778955021609,0.396144864374887,1.31967818236792,1.20295250412659,1.48608458267299,"HospAgg5 - Migration"
"336",2020-06-15,24,0.287554447589565,0.158962656776276,0.392396559022304,1.33316317770865,1.17229416861991,1.48052471043638,"HospAgg5 - Migration"
"337",2020-06-22,25,0.291584806709629,0.153610047011463,0.408634382862227,1.33854714645623,1.16603609884976,1.50476145332254,"HospAgg5 - Migration"
"338",2020-06-29,26,0.296847980409095,0.191810833046378,0.421908545133828,1.34561072470692,1.21144133062234,1.52486906161013,"HospAgg5 - Migration"
"339",2020-07-06,27,0.319122675682064,0.216442707357683,0.42943372545281,1.37592010649066,1.24165194579515,1.53638726016748,"HospAgg5 - Migration"
"340",2020-07-13,28,0.367373199342908,0.258280087319888,0.488579045155125,1.44393669479926,1.29470139728945,1.62999841944919,"HospAgg5 - Migration"
"341",2020-07-20,29,0.399751455221563,0.279236556539525,0.512342854968227,1.49145395847688,1.32212006302715,1.66919730463304,"HospAgg5 - Migration"
"342",2020-07-27,30,0.444999077042602,0.339318794121881,0.54930763467749,1.56048875556736,1.4039908579094,1.73205338892135,"HospAgg5 - Migration"
"343",2020-08-03,31,0.490672955274457,0.383099409247681,0.578252262868765,1.63341506546065,1.4668238386752,1.78291963128154,"HospAgg5 - Migration"
"344",2020-08-10,32,0.477157052269261,0.379807816687857,0.562690219326613,1.61148651179485,1.46200358974112,1.75538853402924,"HospAgg5 - Migration"
"345",2020-08-17,33,0.502397495107921,0.421973744915076,0.585039828328753,1.65267881408075,1.52496848598057,1.7950624785547,"HospAgg5 - Migration"
"346",2020-08-24,34,0.505652174797889,0.437418530539995,0.600034752651221,1.65806651711884,1.54870412140593,1.82218212495,"HospAgg5 - Migration"
"347",2020-08-31,35,0.515028720394919,0.441785186578305,0.602310183419739,1.67368657004652,1.55548156622522,1.82633309505451,"HospAgg5 - Migration"
"348",2020-09-07,36,0.51413527271699,0.442595111349317,0.591529180395237,1.67219188647714,1.55674189959527,1.80674914940811,"HospAgg5 - Migration"
"349",2020-09-14,37,0.462783650265771,0.391884054853112,0.512048664162874,1.58848963592646,1.47976612975418,1.66870631435965,"HospAgg5 - Migration"
"350",2020-09-21,38,0.43148295260927,0.374345800432766,0.49756917872926,1.53953889476856,1.45403987114803,1.6447183910793,"HospAgg5 - Migration"
"351",2020-09-28,39,0.365261511084024,0.313345378417661,0.422512339153922,1.4408907677903,1.36799392502276,1.52579004644554,"HospAgg5 - Migration"
"352",2020-10-05,40,0.30463107658546,0.254434508264315,0.361344228505633,1.35612460458789,1.28973208178467,1.43525743237529,"HospAgg5 - Migration"
"353",2020-10-12,41,0.263642321090511,0.214744376540615,0.32156983495996,1.30166253579106,1.23954499968371,1.37929132541733,"HospAgg5 - Migration"
"354",2020-10-19,42,0.224289850058563,0.158832258801613,0.273225819790189,1.25143369499484,1.17214131380081,1.31419698300577,"HospAgg5 - Migration"
"355",2020-10-26,43,0.184023236455884,0.131968443714378,0.229402011082688,1.20204375400845,1.14107231069534,1.25784760605922,"HospAgg5 - Migration"
"356",2020-11-02,44,0.16488256356003,0.104996883284013,0.205243681194305,1.17925462311458,1.11070714859158,1.22782422618555,"HospAgg5 - Migration"
"357",2020-11-09,45,0.171284613295953,0.116500305495927,0.224744066274724,1.18682848812465,1.1235578537095,1.25200224558523,"HospAgg5 - Migration"
"358",2020-11-16,46,0.165682168306717,0.111536788731962,0.222094011750298,1.18019793779796,1.1179948728627,1.24868876376263,"HospAgg5 - Migration"
"359",2020-11-23,47,0.120948045972054,0.075977848178259,0.189792332572796,1.12856627728028,1.0789386734354,1.20899850197756,"HospAgg5 - Migration"
"360",2020-11-30,48,0.0818076716434395,0.0286835638458017,0.145650627705468,1.08524706597185,1.02909889884907,1.15679196637939,"HospAgg5 - Migration"
"361",2020-12-07,49,0.040966779195762,-0.0230762333971601,0.0843941079287806,1.04181749495554,0.977187986573845,1.08805762145638,"HospAgg5 - Migration"
"362",2020-12-14,50,0.0335211777039073,-0.0239228144384548,0.0717712031405673,1.03408934313231,0.976361067826886,1.074409494422,"HospAgg5 - Migration"
"363",2020-12-21,51,-0.0201750566413166,-0.0684262065815564,0.029272474793086,0.980027098037317,0.933862370457598,1.02970512494551,"HospAgg5 - Migration"
"364",2020-12-28,52,-0.0646729185920378,-0.108474265927266,0.00104153043066435,0.937374010852937,0.897201983180983,1.00104207301184,"HospAgg5 - Migration"
"365",2021-01-04,53,-0.0283249233929511,-0.0790404522513241,0.0169875573422214,0.972072466398334,0.924002545705862,1.01713266641282,"HospAgg5 - Migration"
"366",2021-01-11,54,-0.00192763538596626,-0.0535199373343472,0.0465933449883628,0.998074221309922,0.947887042474521,1.04769587166319,"HospAgg5 - Migration"
"367",2021-01-18,55,-0.0011355053115162,-0.0615916345927269,0.0448173061220734,0.998865139130694,0.94026678082813,1.04583677447817,"HospAgg5 - Migration"
"368",2021-01-25,56,0.00554309050031829,-0.0516363298365954,0.053662418522231,1.00555848185188,0.949674172211843,1.05512835023873,"HospAgg5 - Migration"
"369",2021-02-01,57,0.00338017501201374,-0.0560044878227405,0.0685765512975844,1.00338589424576,0.945534892487882,1.07098260692128,"HospAgg5 - Migration"
"370",2021-02-08,58,0.0281448316116105,-0.0282367579621634,0.0891361408113781,1.02854463941221,0.972158173364231,1.093229479344,"HospAgg5 - Migration"
"371",2021-02-15,59,0.00981376803900982,-0.0399137870912393,0.0560928796058331,1.00986208097522,0.960872275175295,1.0576959175545,"HospAgg5 - Migration"
"372",2021-02-22,60,0.0230104937726769,-0.0296364748960477,0.0808001749357112,1.02327727753001,0.970798378992174,1.08415423373069,"HospAgg5 - Migration"
"373",2021-03-01,61,0.0453754179481501,-0.0136836008815094,0.105346798537289,1.04642063126369,0.986409594020143,1.1110958699706,"HospAgg5 - Migration"
"374",2021-03-08,62,0.0601866845414034,-0.00759902221124621,0.119573026850163,1.06203479351834,0.992429777362332,1.12701554345736,"HospAgg5 - Migration"
"375",2021-03-15,63,0.0702520130041847,0.00998008891730524,0.118842311366844,1.07277850132364,1.01003005609198,1.12619231655877,"HospAgg5 - Migration"
"376",2021-03-22,64,0.0719497145650711,0.0212020734174122,0.115759081972803,1.07460130591112,1.02142843431896,1.12272535477075,"HospAgg5 - Migration"
"377",2021-03-29,65,0.0955735617965627,0.0410617700233519,0.142558764300689,1.10028975834835,1.04191646276202,1.15322084718286,"HospAgg5 - Migration"
"378",2021-04-05,66,0.0826278217763367,0.0348490487632044,0.148269913235418,1.08613749659072,1.03546339252209,1.15982590648123,"HospAgg5 - Migration"
"379",2021-04-12,67,0.103959430925866,0.0593352359378157,0.152369960289211,1.10955544036557,1.06113091033608,1.16459100916936,"HospAgg5 - Migration"
"380",2021-04-19,68,0.0886680950500023,0.0371428343696915,0.125052966002943,1.09271791764646,1.03784124965255,1.13320847300062,"HospAgg5 - Migration"
"381",2021-04-26,69,0.0579335620322938,0.00531666576445664,0.113445066068733,1.05964459273837,1.00533082431285,1.12013035403834,"HospAgg5 - Migration"
"382",2021-05-03,70,0.0111167282234309,-0.0348105592297152,0.0564313992377251,1.01117874865499,0.965788358619237,1.05805402899762,"HospAgg5 - Migration"
"383",2021-05-10,71,0.0398064708181577,-0.0142129267271357,0.0802215387469585,1.04060936642458,0.985887600092281,1.08352708432004,"HospAgg5 - Migration"
"384",2021-05-17,72,0.0398029381872631,-0.0329788501570054,0.0885160968375504,1.04060569034227,0.967559023094058,1.09255183909841,"HospAgg5 - Migration"
"385",2021-05-24,73,0.0347783527112331,-0.0309333605484179,0.101231563423167,1.03539019193581,0.969540180549217,1.10653284463202,"HospAgg5 - Migration"
"386",2021-05-31,74,0.0846754726520459,0.0215726588884117,0.158646720482431,1.08836380556062,1.02180703100327,1.17192385684552,"HospAgg5 - Migration"
"387",2021-06-07,75,0.0816243977419562,0.010601147935842,0.153936167625243,1.08504818673324,1.01065753919916,1.16641642927143,"HospAgg5 - Migration"
"388",2021-06-14,76,0.122756716342367,0.0452108190392611,0.220294649632251,1.13060932871328,1.046248405744,1.24644394073432,"HospAgg5 - Migration"
"389",2021-06-21,77,0.128818075499901,0.0402996736798089,0.218949187466893,1.13748316928428,1.04112272452639,1.24476802526407,"HospAgg5 - Migration"
"390",2021-06-28,78,0.14346389888844,0.059661437484889,0.239567420157935,1.15426513980035,1.06147710934294,1.27069935248904,"HospAgg5 - Migration"
"391",2021-07-05,79,0.156778544094132,0.0618984167279512,0.225266894367924,1.16973654015014,1.06385426944113,1.25265699867871,"HospAgg5 - Migration"
"392",2021-07-12,80,0.16172470383203,0.0908931935050535,0.238027069247499,1.17553657605644,1.09515202966198,1.26874353629288,"HospAgg5 - Migration"
"393",2021-07-19,81,0.172493628144277,0.111573467798451,0.235820072991951,1.18826424914251,1.11803588062303,1.26594651170575,"HospAgg5 - Migration"
"394",2021-07-26,82,0.221441389668357,0.164562350815475,0.281383531771794,1.24787410776209,1.17887707120687,1.32496167139641,"HospAgg5 - Migration"
"395",2021-08-02,83,0.280373319115192,0.223562102858926,0.342445912736246,1.32362385420016,1.25052329893705,1.40838817573939,"HospAgg5 - Migration"
"396",2021-08-09,84,0.294538214786053,0.229201293261185,0.351161749878729,1.34250626597921,1.25759515896411,1.42071710814802,"HospAgg5 - Migration"
"397",2021-08-16,85,0.28928585790692,0.226518229178686,0.342390266524072,1.33547342960911,1.25422547312578,1.40830980645264,"HospAgg5 - Migration"
"398",2021-08-23,86,0.242803132822021,0.183908434630658,0.3060172499669,1.27481762966379,1.20190576511233,1.35800573189977,"HospAgg5 - Migration"
"399",2021-08-30,87,0.184971442940384,0.118460203965382,0.245909309625027,1.20318408023758,1.12576207234412,1.27878359491901,"HospAgg5 - Migration"
"400",2021-09-06,88,0.157501571744393,0.0994607582704046,0.218727319974455,1.17058259783688,1.10457512445112,1.24449188233834,"HospAgg5 - Migration"
"401",2021-09-13,89,0.159413505483542,0.0899151403273749,0.225465189834349,1.1728228150912,1.09408143637325,1.25290541951208,"HospAgg5 - Migration"
"402",2021-09-20,90,0.121214665290523,0.0646686543398122,0.189454161336748,1.1288672149681,1.06680548444793,1.20858972258238,"HospAgg5 - Migration"
"403",2021-09-27,91,0.100351562075298,0.0409930753459184,0.174512571750858,1.10555952256246,1.04184489110502,1.1906657110436,"HospAgg5 - Migration"
"404",2021-10-04,92,0.0523522377826078,-0.0173660915046604,0.123633368685493,1.05374684660376,0.982783829957993,1.131600914605,"HospAgg5 - Migration"
"405",2021-10-11,93,-0.0576799330756236,-0.127519576279925,0.0219800524877427,0.943952026913408,0.880276183132573,1.02222339345339,"HospAgg5 - Migration"
"406",2021-10-18,94,-0.129218870264485,-0.198027614720679,-0.0708676089050624,0.878781605333002,0.820347199166276,0.931585217550797,"HospAgg5 - Migration"
"407",2021-10-25,95,-0.171570957037347,-0.233173452612959,-0.103656939998546,0.842340495913396,0.792016184332723,0.90153452481179,"HospAgg5 - Migration"
"408",2021-11-01,96,-0.159848746825546,-0.221407682909881,-0.0967149903279715,0.852272688167345,0.801389900716824,0.90781470523705,"HospAgg5 - Migration"
"409",2021-11-08,97,-0.169830190884713,-0.228284564367597,-0.101044885907616,0.843808090736772,0.795897743469697,0.903892459941842,"HospAgg5 - Migration"
"410",2021-11-15,98,-0.118007793527502,-0.165639991157021,-0.0624675525215236,0.888689126564479,0.847351233222,0.939443544893143,"HospAgg5 - Migration"
"411",2021-11-22,99,-0.096731366183677,-0.14987400542944,-0.038479196496599,0.907799839116153,0.860816427788923,0.962251722738581,"HospAgg5 - Migration"
"412",2021-11-29,100,-0.078039116431857,-0.128808756582966,-0.0241636496192197,0.924928245943211,0.879142079605079,0.976125954045595,"HospAgg5 - Migration"
"413",2021-12-06,101,-0.0831855493168219,-0.123925851234344,-0.0190269481398701,0.920180392535719,0.883445344836046,0.981152921640379,"HospAgg5 - Migration"
"414",2021-12-13,102,-0.0708742191911348,-0.123869841474016,-0.0118472859338588,0.931579059526362,0.883494827783825,0.988222616833127,"HospAgg5 - Migration"
"415",2021-12-20,103,-0.0387612396818369,-0.11198179674372,0.0210006767623538,0.961980364466874,0.894060532165228,1.0212227427624,"HospAgg5 - Migration"
"416",2021-12-27,104,-0.0522100055824926,-0.136337763828019,0.0369217347656405,0.94912952341358,0.872547867603172,1.03761180872877,"HospAgg5 - Migration"
