"","week_id","lvl_SES","lvl_MBG","q2","q1","q3","level","level.r","date"
"1",1,1,1,1,1,1,"1.1","Type 4: Low % - Low %",2020-06-01
"2",1,1,3,1.16331334029343,1.09112678954508,1.24786393567963,"1.3","Type 2: Low % - High %",2020-06-01
"3",1,3,1,1.0317264317603,0.954670988938643,1.12354653546147,"3.1","Type 3: High % - Low %",2020-06-01
"4",1,3,3,1.20588086816277,1.12957832458359,1.26245135092735,"3.3","Type 1: High % - High %",2020-06-01
"5",2,1,1,1,1,1,"1.1","Type 4: Low % - Low %",2020-06-08
"6",2,1,3,1.23049288414682,1.17271541698589,1.30350234920155,"1.3","Type 2: Low % - High %",2020-06-08
"7",2,3,1,1.02421520040356,0.969891194158217,1.07931800954708,"3.1","Type 3: High % - Low %",2020-06-08
"8",2,3,3,1.25882723603275,1.21248671967166,1.32481310286936,"3.3","Type 1: High % - High %",2020-06-08
"9",3,1,1,1,1,1,"1.1","Type 4: Low % - Low %",2020-06-15
"10",3,1,3,1.28742530008793,1.22876978052501,1.35469323350057,"1.3","Type 2: Low % - High %",2020-06-15
"11",3,3,1,0.993389127747582,0.941298558081549,1.04369891657661,"3.1","Type 3: High % - Low %",2020-06-15
"12",3,3,3,1.27791494354158,1.2144747835591,1.33487800734449,"3.3","Type 1: High % - High %",2020-06-15
"13",4,1,1,1,1,1,"1.1","Type 4: Low % - Low %",2020-06-22
"14",4,1,3,1.30872963340788,1.24860468160774,1.38126372301524,"1.3","Type 2: Low % - High %",2020-06-22
"15",4,3,1,0.990834971690032,0.93227704091287,1.04682538343472,"3.1","Type 3: High % - Low %",2020-06-22
"16",4,3,3,1.29797877372977,1.2279067765046,1.36704026810435,"3.3","Type 1: High % - High %",2020-06-22
"17",5,1,1,1,1,1,"1.1","Type 4: Low % - Low %",2020-06-29
"18",5,1,3,1.30593246344346,1.21706969731653,1.39208101427102,"1.3","Type 2: Low % - High %",2020-06-29
"19",5,3,1,0.976408855242305,0.921224529763393,1.03674015881401,"3.1","Type 3: High % - Low %",2020-06-29
"20",5,3,3,1.27029656613865,1.20782802051838,1.34304693377814,"3.3","Type 1: High % - High %",2020-06-29
"21",6,1,1,1,1,1,"1.1","Type 4: Low % - Low %",2020-07-06
"22",6,1,3,1.40142508631105,1.32843028222532,1.47089133525707,"1.3","Type 2: Low % - High %",2020-07-06
"23",6,3,1,0.977534531731823,0.932292368917883,1.03817461972377,"3.1","Type 3: High % - Low %",2020-07-06
"24",6,3,3,1.37721180222896,1.30474369321947,1.43806652153342,"3.3","Type 1: High % - High %",2020-07-06
"25",7,1,1,1,1,1,"1.1","Type 4: Low % - Low %",2020-07-13
"26",7,1,3,1.40267144029569,1.3428555965438,1.46517063214533,"1.3","Type 2: Low % - High %",2020-07-13
"27",7,3,1,0.948172257410012,0.893516840596891,0.991498325328126,"3.1","Type 3: High % - Low %",2020-07-13
"28",7,3,3,1.3309968691002,1.26165028670509,1.38977098202616,"3.3","Type 1: High % - High %",2020-07-13
"29",8,1,1,1,1,1,"1.1","Type 4: Low % - Low %",2020-07-20
"30",8,1,3,1.4435661484032,1.38636666689268,1.49685725381024,"1.3","Type 2: Low % - High %",2020-07-20
"31",8,3,1,0.968059931179607,0.918712063534266,1.02520295046368,"3.1","Type 3: High % - Low %",2020-07-20
"32",8,3,3,1.40072813760357,1.34225075730733,1.46039431641879,"3.3","Type 1: High % - High %",2020-07-20
"33",9,1,1,1,1,1,"1.1","Type 4: Low % - Low %",2020-07-27
"34",9,1,3,1.53677436840605,1.48911233185742,1.58907652675968,"1.3","Type 2: Low % - High %",2020-07-27
"35",9,3,1,0.97868076312227,0.932266297291214,1.0062007417511,"3.1","Type 3: High % - Low %",2020-07-27
"36",9,3,3,1.50054247956413,1.45019450566339,1.53900087367078,"3.3","Type 1: High % - High %",2020-07-27
"37",10,1,1,1,1,1,"1.1","Type 4: Low % - Low %",2020-08-03
"38",10,1,3,1.53618046084295,1.49504127711703,1.57241810915245,"1.3","Type 2: Low % - High %",2020-08-03
"39",10,3,1,0.946837940178875,0.914385409345769,0.984958800474531,"3.1","Type 3: High % - Low %",2020-08-03
"40",10,3,3,1.4558095931258,1.41386428709764,1.4972011474676,"3.3","Type 1: High % - High %",2020-08-03
"41",11,1,1,1,1,1,"1.1","Type 4: Low % - Low %",2020-08-10
"42",11,1,3,1.48188858115923,1.44844353520401,1.52459198769954,"1.3","Type 2: Low % - High %",2020-08-10
"43",11,3,1,0.944056385101717,0.910925952345068,0.98243154188924,"3.1","Type 3: High % - Low %",2020-08-10
"44",11,3,3,1.40208471127553,1.36555731278735,1.4410540638559,"3.3","Type 1: High % - High %",2020-08-10
"45",12,1,1,1,1,1,"1.1","Type 4: Low % - Low %",2020-08-17
"46",12,1,3,1.43606914634178,1.39744172224022,1.46729133305452,"1.3","Type 2: Low % - High %",2020-08-17
"47",12,3,1,0.954229748882388,0.921629988930036,0.981229800643662,"3.1","Type 3: High % - Low %",2020-08-17
"48",12,3,3,1.36731944028507,1.32824215032934,1.407815943326,"3.3","Type 1: High % - High %",2020-08-17
"49",13,1,1,1,1,1,"1.1","Type 4: Low % - Low %",2020-08-24
"50",13,1,3,1.41003693926961,1.36966027676956,1.44674727556188,"1.3","Type 2: Low % - High %",2020-08-24
"51",13,3,1,0.948599015050407,0.920262722330201,0.973989831993061,"3.1","Type 3: High % - Low %",2020-08-24
"52",13,3,3,1.33666204142995,1.29651085088792,1.36689533219431,"3.3","Type 1: High % - High %",2020-08-24
"53",14,1,1,1,1,1,"1.1","Type 4: Low % - Low %",2020-08-31
"54",14,1,3,1.38582308313723,1.35155994397821,1.4169224567526,"1.3","Type 2: Low % - High %",2020-08-31
"55",14,3,1,0.943940107376749,0.915218662512794,0.969091148409597,"3.1","Type 3: High % - Low %",2020-08-31
"56",14,3,3,1.30555945945875,1.27626381201133,1.32909433701884,"3.3","Type 1: High % - High %",2020-08-31
"57",15,1,1,1,1,1,"1.1","Type 4: Low % - Low %",2020-09-07
"58",15,1,3,1.32823637916344,1.30048090741364,1.35942320291885,"1.3","Type 2: Low % - High %",2020-09-07
"59",15,3,1,0.964380429161765,0.941943450813359,0.990575827505267,"3.1","Type 3: High % - Low %",2020-09-07
"60",15,3,3,1.28214267518601,1.25834181035016,1.31170785553008,"3.3","Type 1: High % - High %",2020-09-07
"61",16,1,1,1,1,1,"1.1","Type 4: Low % - Low %",2020-09-14
"62",16,1,3,1.25192727461254,1.23035782716432,1.27647077592737,"1.3","Type 2: Low % - High %",2020-09-14
"63",16,3,1,0.992975443853523,0.966024994236258,1.01294785509501,"3.1","Type 3: High % - Low %",2020-09-14
"64",16,3,3,1.24273501445339,1.21877197216643,1.26865393387012,"3.3","Type 1: High % - High %",2020-09-14
"65",17,1,1,1,1,1,"1.1","Type 4: Low % - Low %",2020-09-21
"66",17,1,3,1.1681059459827,1.15012734386125,1.18526553121709,"1.3","Type 2: Low % - High %",2020-09-21
"67",17,3,1,1.02805437174255,1.01080805952703,1.04733505336441,"3.1","Type 3: High % - Low %",2020-09-21
"68",17,3,3,1.20173275218492,1.18428198506759,1.2171688610018,"3.3","Type 1: High % - High %",2020-09-21
"69",18,1,1,1,1,1,"1.1","Type 4: Low % - Low %",2020-09-28
"70",18,1,3,1.14869201348442,1.13194857389914,1.16682609385178,"1.3","Type 2: Low % - High %",2020-09-28
"71",18,3,1,0.984951133319333,0.968136955629462,0.999954294173557,"3.1","Type 3: High % - Low %",2020-09-28
"72",18,3,3,1.13182539293287,1.11866759140922,1.14686869628216,"3.3","Type 1: High % - High %",2020-09-28
"73",19,1,1,1,1,1,"1.1","Type 4: Low % - Low %",2020-10-05
"74",19,1,3,1.10405769017666,1.08741302677116,1.12056497997612,"1.3","Type 2: Low % - High %",2020-10-05
"75",19,3,1,0.966861075182946,0.952665994105774,0.984547057762901,"3.1","Type 3: High % - Low %",2020-10-05
"76",19,3,3,1.06827338350233,1.05607841599352,1.08111226085359,"3.3","Type 1: High % - High %",2020-10-05
"77",20,1,1,1,1,1,"1.1","Type 4: Low % - Low %",2020-10-12
"78",20,1,3,1.10053452087572,1.08826175644369,1.11645911548372,"1.3","Type 2: Low % - High %",2020-10-12
"79",20,3,1,0.938767705472187,0.926375904970984,0.949260187794326,"3.1","Type 3: High % - Low %",2020-10-12
"80",20,3,3,1.0342181056482,1.0254491107746,1.04518568076257,"3.3","Type 1: High % - High %",2020-10-12
"81",21,1,1,1,1,1,"1.1","Type 4: Low % - Low %",2020-10-19
"82",21,1,3,1.09499762872057,1.0828273045632,1.10894227755036,"1.3","Type 2: Low % - High %",2020-10-19
"83",21,3,1,0.942871354669558,0.931170115631687,0.954143605328315,"3.1","Type 3: High % - Low %",2020-10-19
"84",21,3,3,1.0335865965178,1.02180203174094,1.04303571540806,"3.3","Type 1: High % - High %",2020-10-19
"85",22,1,1,1,1,1,"1.1","Type 4: Low % - Low %",2020-10-26
"86",22,1,3,1.07630697425304,1.06322172748848,1.09154335843173,"1.3","Type 2: Low % - High %",2020-10-26
"87",22,3,1,0.952774855412044,0.937201236190461,0.963064854906523,"3.1","Type 3: High % - Low %",2020-10-26
"88",22,3,3,1.0240182961044,1.01472454910767,1.03726088272594,"3.3","Type 1: High % - High %",2020-10-26
"89",23,1,1,1,1,1,"1.1","Type 4: Low % - Low %",2020-11-02
"90",23,1,3,1.06472517310355,1.05118140418527,1.0835332549821,"1.3","Type 2: Low % - High %",2020-11-02
"91",23,3,1,0.977043520073003,0.959879661391559,0.991891537252015,"3.1","Type 3: High % - Low %",2020-11-02
"92",23,3,3,1.03921430370248,1.02564638131478,1.05373462682221,"3.3","Type 1: High % - High %",2020-11-02
"93",24,1,1,1,1,1,"1.1","Type 4: Low % - Low %",2020-11-09
"94",24,1,3,1.05098453385495,1.03723046358301,1.0701031121503,"1.3","Type 2: Low % - High %",2020-11-09
"95",24,3,1,0.969320500103846,0.951367475701979,0.984687717219123,"3.1","Type 3: High % - Low %",2020-11-09
"96",24,3,3,1.0197082960606,1.00821999512163,1.03244891100605,"3.3","Type 1: High % - High %",2020-11-09
"97",25,1,1,1,1,1,"1.1","Type 4: Low % - Low %",2020-11-16
"98",25,1,3,1.01151899899348,0.995742115993362,1.03087661362091,"1.3","Type 2: Low % - High %",2020-11-16
"99",25,3,1,0.967602930618496,0.948380529219607,0.98176699361812,"3.1","Type 3: High % - Low %",2020-11-16
"100",25,3,3,0.978070844670823,0.964555839530019,0.991761787547726,"3.3","Type 1: High % - High %",2020-11-16
"101",26,1,1,1,1,1,"1.1","Type 4: Low % - Low %",2020-11-23
"102",26,1,3,0.986307668597924,0.970517303992913,0.999526626102813,"1.3","Type 2: Low % - High %",2020-11-23
"103",26,3,1,0.970537548440866,0.954982460392832,0.988078922163613,"3.1","Type 3: High % - Low %",2020-11-23
"104",26,3,3,0.957800955531494,0.945672762193051,0.97142989087437,"3.3","Type 1: High % - High %",2020-11-23
"105",27,1,1,1,1,1,"1.1","Type 4: Low % - Low %",2020-11-30
"106",27,1,3,0.959256211840725,0.944051709836244,0.977116992014035,"1.3","Type 2: Low % - High %",2020-11-30
"107",27,3,1,0.978313401650362,0.963761225738425,0.990713792431763,"3.1","Type 3: High % - Low %",2020-11-30
"108",27,3,3,0.939891517766927,0.928733535143392,0.949029292825872,"3.3","Type 1: High % - High %",2020-11-30
"109",28,1,1,1,1,1,"1.1","Type 4: Low % - Low %",2020-12-07
"110",28,1,3,0.935045962847304,0.92141935714666,0.94557556541717,"1.3","Type 2: Low % - High %",2020-12-07
"111",28,3,1,0.973617515939066,0.960907952574521,0.987825802738096,"3.1","Type 3: High % - Low %",2020-12-07
"112",28,3,3,0.908765468926392,0.89986737073818,0.921160103421287,"3.3","Type 1: High % - High %",2020-12-07
"113",29,1,1,1,1,1,"1.1","Type 4: Low % - Low %",2020-12-14
"114",29,1,3,0.907372689439438,0.895046582027229,0.917013534546698,"1.3","Type 2: Low % - High %",2020-12-14
"115",29,3,1,0.981678010582896,0.971106029884788,0.995592115076039,"3.1","Type 3: High % - Low %",2020-12-14
"116",29,3,3,0.89076818886719,0.880994274992895,0.899282431192867,"3.3","Type 1: High % - High %",2020-12-14
"117",30,1,1,1,1,1,"1.1","Type 4: Low % - Low %",2020-12-21
"118",30,1,3,0.875991259480143,0.865832386134387,0.889100472523662,"1.3","Type 2: Low % - High %",2020-12-21
"119",30,3,1,0.99252556524749,0.981858789112957,1.00699030873585,"3.1","Type 3: High % - Low %",2020-12-21
"120",30,3,3,0.870005103969928,0.861229111079035,0.879291701736447,"3.3","Type 1: High % - High %",2020-12-21
"121",31,1,1,1,1,1,"1.1","Type 4: Low % - Low %",2020-12-28
"122",31,1,3,0.834006511393033,0.820609253628443,0.845474021475275,"1.3","Type 2: Low % - High %",2020-12-28
"123",31,3,1,1.03270442682588,1.01724463451485,1.0427242367573,"3.1","Type 3: High % - Low %",2020-12-28
"124",31,3,3,0.861607763466547,0.85077772572941,0.871310838995718,"3.3","Type 1: High % - High %",2020-12-28
"125",32,1,1,1,1,1,"1.1","Type 4: Low % - Low %",2021-01-04
"126",32,1,3,0.8386561636411,0.825373298317074,0.851436129787821,"1.3","Type 2: Low % - High %",2021-01-04
"127",32,3,1,1.05927653808627,1.04154943976797,1.07453689326302,"3.1","Type 3: High % - Low %",2021-01-04
"128",32,3,3,0.888935677008961,0.876998442786689,0.897520612481043,"3.3","Type 1: High % - High %",2021-01-04
"129",33,1,1,1,1,1,"1.1","Type 4: Low % - Low %",2021-01-11
"130",33,1,3,0.840670460386201,0.827180518809961,0.851715332291348,"1.3","Type 2: Low % - High %",2021-01-11
"131",33,3,1,1.07701225803594,1.05974391221769,1.09328597267438,"3.1","Type 3: High % - Low %",2021-01-11
"132",33,3,3,0.90727808275656,0.894890173505505,0.918017300097692,"3.3","Type 1: High % - High %",2021-01-11
"133",34,1,1,1,1,1,"1.1","Type 4: Low % - Low %",2021-01-18
"134",34,1,3,0.859624604497262,0.847390200523135,0.875687991957632,"1.3","Type 2: Low % - High %",2021-01-18
"135",34,3,1,1.0592998637722,1.04251520573958,1.07498550310679,"3.1","Type 3: High % - Low %",2021-01-18
"136",34,3,3,0.911398718658347,0.89932571014947,0.920650443384074,"3.3","Type 1: High % - High %",2021-01-18
"137",35,1,1,1,1,1,"1.1","Type 4: Low % - Low %",2021-01-25
"138",35,1,3,0.871548165285634,0.855689642084344,0.887980484658627,"1.3","Type 2: Low % - High %",2021-01-25
"139",35,3,1,1.06593412162335,1.04511155658913,1.08271127202898,"3.1","Type 3: High % - Low %",2021-01-25
"140",35,3,3,0.929584280143817,0.916014148048972,0.942784973079222,"3.3","Type 1: High % - High %",2021-01-25
"141",36,1,1,1,1,1,"1.1","Type 4: Low % - Low %",2021-02-01
"142",36,1,3,0.86989369812483,0.850238811607986,0.886560857607636,"1.3","Type 2: Low % - High %",2021-02-01
"143",36,3,1,1.08086934170249,1.05988731720373,1.10311713066841,"3.1","Type 3: High % - Low %",2021-02-01
"144",36,3,3,0.940425198570062,0.926395653127223,0.952796820448255,"3.3","Type 1: High % - High %",2021-02-01
"145",37,1,1,1,1,1,"1.1","Type 4: Low % - Low %",2021-02-08
"146",37,1,3,0.876786889530907,0.862858023915163,0.890864807735848,"1.3","Type 2: Low % - High %",2021-02-08
"147",37,3,1,1.07344233535615,1.05252563080281,1.08964629313108,"3.1","Type 3: High % - Low %",2021-02-08
"148",37,3,3,0.942850402290336,0.922441463068416,0.957895132974638,"3.3","Type 1: High % - High %",2021-02-08
"149",38,1,1,1,1,1,"1.1","Type 4: Low % - Low %",2021-02-15
"150",38,1,3,0.887636948899236,0.872937082201416,0.902454978755629,"1.3","Type 2: Low % - High %",2021-02-15
"151",38,3,1,1.06459871403177,1.0452295567499,1.08675046496212,"3.1","Type 3: High % - Low %",2021-02-15
"152",38,3,3,0.945217579859486,0.932107456122381,0.959118201563031,"3.3","Type 1: High % - High %",2021-02-15
"153",39,1,1,1,1,1,"1.1","Type 4: Low % - Low %",2021-02-22
"154",39,1,3,0.90182705794181,0.884693106465965,0.916270439246831,"1.3","Type 2: Low % - High %",2021-02-22
"155",39,3,1,1.03296958417142,1.01263575436132,1.051868746118,"3.1","Type 3: High % - Low %",2021-02-22
"156",39,3,3,0.931158998460674,0.917584336375138,0.945012626139991,"3.3","Type 1: High % - High %",2021-02-22
"157",40,1,1,1,1,1,"1.1","Type 4: Low % - Low %",2021-03-01
"158",40,1,3,0.924038963642962,0.909346395342535,0.934581830072198,"1.3","Type 2: Low % - High %",2021-03-01
"159",40,3,1,1.02320599409635,1.00779663502165,1.04039660873869,"3.1","Type 3: High % - Low %",2021-03-01
"160",40,3,3,0.944750948457594,0.933746917954197,0.957347697576457,"3.3","Type 1: High % - High %",2021-03-01
"161",41,1,1,1,1,1,"1.1","Type 4: Low % - Low %",2021-03-08
"162",41,1,3,0.938053042893735,0.924107316556804,0.952589280720868,"1.3","Type 2: Low % - High %",2021-03-08
"163",41,3,1,1.01223208672094,0.995667893961385,1.02830395622884,"3.1","Type 3: High % - Low %",2021-03-08
"164",41,3,3,0.949033228284502,0.937119385336209,0.964786816430784,"3.3","Type 1: High % - High %",2021-03-08
"165",42,1,1,1,1,1,"1.1","Type 4: Low % - Low %",2021-03-15
"166",42,1,3,0.954948327784843,0.942860313896145,0.970040167666768,"1.3","Type 2: Low % - High %",2021-03-15
"167",42,3,1,0.991929861964803,0.973942741612188,1.00631174087864,"3.1","Type 3: High % - Low %",2021-03-15
"168",42,3,3,0.948321723996114,0.935741715389927,0.956987579533115,"3.3","Type 1: High % - High %",2021-03-15
"169",43,1,1,1,1,1,"1.1","Type 4: Low % - Low %",2021-03-22
"170",43,1,3,0.95281669934811,0.937079528873868,0.964169279203541,"1.3","Type 2: Low % - High %",2021-03-22
"171",43,3,1,1.00267654728282,0.990861828695462,1.02061241843616,"3.1","Type 3: High % - Low %",2021-03-22
"172",43,3,3,0.955632425623798,0.946341565430155,0.964638613178255,"3.3","Type 1: High % - High %",2021-03-22
"173",44,1,1,1,1,1,"1.1","Type 4: Low % - Low %",2021-03-29
"174",44,1,3,0.968309260579858,0.953575743755832,0.981109267194275,"1.3","Type 2: Low % - High %",2021-03-29
"175",44,3,1,1.00915308389095,0.996428793986072,1.02551827734471,"3.1","Type 3: High % - Low %",2021-03-29
"176",44,3,3,0.976899321536998,0.967400446260951,0.990929550855644,"3.3","Type 1: High % - High %",2021-03-29
"177",45,1,1,1,1,1,"1.1","Type 4: Low % - Low %",2021-04-05
"178",45,1,3,0.953631044500348,0.940203272902948,0.968412690099941,"1.3","Type 2: Low % - High %",2021-04-05
"179",45,3,1,1.02831171078551,1.01270724420576,1.04276035105589,"3.1","Type 3: High % - Low %",2021-04-05
"180",45,3,3,0.980813013211674,0.967672068387389,0.993388111784857,"3.3","Type 1: High % - High %",2021-04-05
"181",46,1,1,1,1,1,"1.1","Type 4: Low % - Low %",2021-04-12
"182",46,1,3,0.960218124813334,0.948123034976198,0.975915532550258,"1.3","Type 2: Low % - High %",2021-04-12
"183",46,3,1,1.02610021368472,1.00970696941177,1.04254937037773,"3.1","Type 3: High % - Low %",2021-04-12
"184",46,3,3,0.985319644487464,0.975195984126349,0.998667401853849,"3.3","Type 1: High % - High %",2021-04-12
"185",47,1,1,1,1,1,"1.1","Type 4: Low % - Low %",2021-04-19
"186",47,1,3,0.952739512848167,0.942359784436287,0.965555285253916,"1.3","Type 2: Low % - High %",2021-04-19
"187",47,3,1,1.03638724020547,1.0204914321148,1.05302623683449,"3.1","Type 3: High % - Low %",2021-04-19
"188",47,3,3,0.987971650865459,0.977820517795586,1.0010441144315,"3.3","Type 1: High % - High %",2021-04-19
"189",48,1,1,1,1,1,"1.1","Type 4: Low % - Low %",2021-04-26
"190",48,1,3,0.940197594898674,0.927256003399957,0.953161165435209,"1.3","Type 2: Low % - High %",2021-04-26
"191",48,3,1,1.05754007673473,1.04434235370001,1.07495873245175,"3.1","Type 3: High % - Low %",2021-04-26
"192",48,3,3,0.994098913197656,0.982762150258419,1.00672534905577,"3.3","Type 1: High % - High %",2021-04-26
"193",49,1,1,1,1,1,"1.1","Type 4: Low % - Low %",2021-05-03
"194",49,1,3,0.94110555196204,0.928615315253561,0.953141900373628,"1.3","Type 2: Low % - High %",2021-05-03
"195",49,3,1,1.04171387760779,1.02732494902086,1.05689788288573,"3.1","Type 3: High % - Low %",2021-05-03
"196",49,3,3,0.979664969991799,0.969002434437694,0.992067799339204,"3.3","Type 1: High % - High %",2021-05-03
"197",50,1,1,1,1,1,"1.1","Type 4: Low % - Low %",2021-05-10
"198",50,1,3,0.928435552251603,0.917742780868118,0.942786814515836,"1.3","Type 2: Low % - High %",2021-05-10
"199",50,3,1,1.07002327980901,1.05448898207314,1.08316429893949,"3.1","Type 3: High % - Low %",2021-05-10
"200",50,3,3,0.994857927587437,0.97981000546174,1.00726780442265,"3.3","Type 1: High % - High %",2021-05-10
"201",51,1,1,1,1,1,"1.1","Type 4: Low % - Low %",2021-05-17
"202",51,1,3,0.939441878663982,0.926558128712917,0.956479840618303,"1.3","Type 2: Low % - High %",2021-05-17
"203",51,3,1,1.10368435891322,1.08295718518261,1.12923041788561,"3.1","Type 3: High % - Low %",2021-05-17
"204",51,3,3,1.03885170110519,1.02356642657327,1.0548137431565,"3.3","Type 1: High % - High %",2021-05-17
"205",52,1,1,1,1,1,"1.1","Type 4: Low % - Low %",2021-05-24
"206",52,1,3,0.935228024407373,0.919508255375758,0.952546991378065,"1.3","Type 2: Low % - High %",2021-05-24
"207",52,3,1,1.11216790233838,1.0854365187994,1.14009986902908,"3.1","Type 3: High % - Low %",2021-05-24
"208",52,3,3,1.03986624251881,1.02067761438367,1.05684999918572,"3.3","Type 1: High % - High %",2021-05-24
"209",53,1,1,1,1,1,"1.1","Type 4: Low % - Low %",2021-05-31
"210",53,1,3,0.953641905736711,0.930351550712937,0.972139283083407,"1.3","Type 2: Low % - High %",2021-05-31
"211",53,3,1,1.12122674000483,1.09572942599902,1.14461087829773,"3.1","Type 3: High % - Low %",2021-05-31
"212",53,3,3,1.06678703619259,1.04804194375593,1.08850090748766,"3.3","Type 1: High % - High %",2021-05-31
"213",54,1,1,1,1,1,"1.1","Type 4: Low % - Low %",2021-06-07
"214",54,1,3,1.02404483653733,1.00311488115583,1.05625502712246,"1.3","Type 2: Low % - High %",2021-06-07
"215",54,3,1,1.05162027267028,1.02107508648347,1.08843502542154,"3.1","Type 3: High % - Low %",2021-06-07
"216",54,3,3,1.0786145882538,1.05174407429655,1.1057434684353,"3.3","Type 1: High % - High %",2021-06-07
"217",55,1,1,1,1,1,"1.1","Type 4: Low % - Low %",2021-06-14
"218",55,1,3,1.0500431297954,1.02024697375972,1.07530358916494,"1.3","Type 2: Low % - High %",2021-06-14
"219",55,3,1,1.00727611439694,0.971023488396875,1.03610763160578,"3.1","Type 3: High % - Low %",2021-06-14
"220",55,3,3,1.05730445812909,1.02733542230963,1.08281943741567,"3.3","Type 1: High % - High %",2021-06-14
"221",56,1,1,1,1,1,"1.1","Type 4: Low % - Low %",2021-06-21
"222",56,1,3,0.990774784487765,0.959534717024637,1.02478734203783,"1.3","Type 2: Low % - High %",2021-06-21
"223",56,3,1,1.05498961279412,1.02162697720561,1.0938843391178,"3.1","Type 3: High % - Low %",2021-06-21
"224",56,3,3,1.04612528998014,1.01748341332229,1.07804365258311,"3.3","Type 1: High % - High %",2021-06-21
"225",57,1,1,1,1,1,"1.1","Type 4: Low % - Low %",2021-06-28
"226",57,1,3,0.985277540526734,0.964396125968732,1.01136487630652,"1.3","Type 2: Low % - High %",2021-06-28
"227",57,3,1,1.14932841577908,1.12690768253658,1.18275117311167,"3.1","Type 3: High % - Low %",2021-06-28
"228",57,3,3,1.13235565595665,1.10810848901632,1.16050449447246,"3.3","Type 1: High % - High %",2021-06-28
"229",58,1,1,1,1,1,"1.1","Type 4: Low % - Low %",2021-07-05
"230",58,1,3,0.923256876594308,0.91059542263177,0.935091599391357,"1.3","Type 2: Low % - High %",2021-07-05
"231",58,3,1,1.20449291221095,1.18954069904696,1.21981563847575,"3.1","Type 3: High % - Low %",2021-07-05
"232",58,3,3,1.11288117907583,1.1017409587606,1.12306621696434,"3.3","Type 1: High % - High %",2021-07-05
"233",59,1,1,1,1,1,"1.1","Type 4: Low % - Low %",2021-07-12
"234",59,1,3,0.970142421466562,0.959927764462138,0.980777609627671,"1.3","Type 2: Low % - High %",2021-07-12
"235",59,3,1,1.08539372652807,1.07394369609823,1.09885171638481,"3.1","Type 3: High % - Low %",2021-07-12
"236",59,3,3,1.05269815707808,1.04395522678246,1.06292439974342,"3.3","Type 1: High % - High %",2021-07-12
"237",60,1,1,1,1,1,"1.1","Type 4: Low % - Low %",2021-07-19
"238",60,1,3,1.02359715921274,1.01095315580612,1.04092448983934,"1.3","Type 2: Low % - High %",2021-07-19
"239",60,3,1,1.01923850055149,1.0024365795169,1.03367917947335,"3.1","Type 3: High % - Low %",2021-07-19
"240",60,3,3,1.04360777954318,1.03049389690741,1.05895765665179,"3.3","Type 1: High % - High %",2021-07-19
"241",61,1,1,1,1,1,"1.1","Type 4: Low % - Low %",2021-07-26
"242",61,1,3,1.05077899100959,1.03002526451907,1.06888752599979,"1.3","Type 2: Low % - High %",2021-07-26
"243",61,3,1,1.04470098412741,1.02750186107828,1.06556014686038,"3.1","Type 3: High % - Low %",2021-07-26
"244",61,3,3,1.09728637327649,1.08245775607052,1.11446379482483,"3.3","Type 1: High % - High %",2021-07-26
"245",62,1,1,1,1,1,"1.1","Type 4: Low % - Low %",2021-08-02
"246",62,1,3,1.08661622110641,1.06772310691371,1.10618354555438,"1.3","Type 2: Low % - High %",2021-08-02
"247",62,3,1,1.04278882466131,1.01771236562873,1.06414592085872,"3.1","Type 3: High % - Low %",2021-08-02
"248",62,3,3,1.13371686458937,1.11232540864841,1.15385133797585,"3.3","Type 1: High % - High %",2021-08-02
"249",63,1,1,1,1,1,"1.1","Type 4: Low % - Low %",2021-08-09
"250",63,1,3,1.08861310285918,1.07200388403097,1.11121202338224,"1.3","Type 2: Low % - High %",2021-08-09
"251",63,3,1,1.05907427658196,1.03786009130743,1.08389947417399,"3.1","Type 3: High % - Low %",2021-08-09
"252",63,3,3,1.15304220084923,1.13570706159632,1.17525741923893,"3.3","Type 1: High % - High %",2021-08-09
"253",64,1,1,1,1,1,"1.1","Type 4: Low % - Low %",2021-08-16
"254",64,1,3,1.10157704684143,1.08235849306809,1.12134405864809,"1.3","Type 2: Low % - High %",2021-08-16
"255",64,3,1,1.0852971050898,1.05607697230934,1.11424399986674,"3.1","Type 3: High % - Low %",2021-08-16
"256",64,3,3,1.19526116024354,1.17550571477026,1.21640642458734,"3.3","Type 1: High % - High %",2021-08-16
"257",65,1,1,1,1,1,"1.1","Type 4: Low % - Low %",2021-08-23
"258",65,1,3,1.07338227211525,1.05466058853444,1.09640206329435,"1.3","Type 2: Low % - High %",2021-08-23
"259",65,3,1,1.15044426382563,1.1253627111285,1.17349353963858,"3.1","Type 3: High % - Low %",2021-08-23
"260",65,3,3,1.23210488318161,1.21472917911689,1.25512232834093,"3.3","Type 1: High % - High %",2021-08-23
"261",66,1,1,1,1,1,"1.1","Type 4: Low % - Low %",2021-08-30
"262",66,1,3,1.04488874718724,1.02037449919786,1.06483545721313,"1.3","Type 2: Low % - High %",2021-08-30
"263",66,3,1,1.16313448928599,1.13477580173212,1.19444846498475,"3.1","Type 3: High % - Low %",2021-08-30
"264",66,3,3,1.21423267341129,1.19353634513134,1.23299562318968,"3.3","Type 1: High % - High %",2021-08-30
"265",67,1,1,1,1,1,"1.1","Type 4: Low % - Low %",2021-09-06
"266",67,1,3,1.04384600094787,1.02670564440579,1.06487560439369,"1.3","Type 2: Low % - High %",2021-09-06
"267",67,3,1,1.17507199908676,1.14785730645005,1.19890719644973,"3.1","Type 3: High % - Low %",2021-09-06
"268",67,3,3,1.22514933554699,1.20499751947978,1.24862829151327,"3.3","Type 1: High % - High %",2021-09-06
"269",68,1,1,1,1,1,"1.1","Type 4: Low % - Low %",2021-09-13
"270",68,1,3,1.02455973926754,1.00333918305087,1.05510117908356,"1.3","Type 2: Low % - High %",2021-09-13
"271",68,3,1,1.15142203082466,1.11608917379671,1.17522167293516,"3.1","Type 3: High % - Low %",2021-09-13
"272",68,3,3,1.18180913019432,1.1547936853038,1.20592349061469,"3.3","Type 1: High % - High %",2021-09-13
"273",69,1,1,1,1,1,"1.1","Type 4: Low % - Low %",2021-09-20
"274",69,1,3,0.984883106716006,0.964784277246362,1.0113758488985,"1.3","Type 2: Low % - High %",2021-09-20
"275",69,3,1,1.14168117382886,1.11296379485655,1.17381585692056,"3.1","Type 3: High % - Low %",2021-09-20
"276",69,3,3,1.12752825639322,1.1008151726305,1.15589388757991,"3.3","Type 1: High % - High %",2021-09-20
"277",70,1,1,1,1,1,"1.1","Type 4: Low % - Low %",2021-09-27
"278",70,1,3,0.956802512405263,0.940315401565292,0.981975820895412,"1.3","Type 2: Low % - High %",2021-09-27
"279",70,3,1,1.11372216768722,1.08006439585891,1.14476854452733,"3.1","Type 3: High % - Low %",2021-09-27
"280",70,3,3,1.06877801828486,1.04535147277339,1.08730705675882,"3.3","Type 1: High % - High %",2021-09-27
"281",71,1,1,1,1,1,"1.1","Type 4: Low % - Low %",2021-10-04
"282",71,1,3,0.906166584246373,0.889649899022786,0.925044918367396,"1.3","Type 2: Low % - High %",2021-10-04
"283",71,3,1,1.0775563820486,1.0519138587182,1.10095807570138,"3.1","Type 3: High % - Low %",2021-10-04
"284",71,3,3,0.975937370792199,0.957106312166471,0.989215845224213,"3.3","Type 1: High % - High %",2021-10-04
"285",72,1,1,1,1,1,"1.1","Type 4: Low % - Low %",2021-10-11
"286",72,1,3,0.842132169895409,0.825801697655206,0.85611855244841,"1.3","Type 2: Low % - High %",2021-10-11
"287",72,3,1,1.06688019919288,1.04778853266292,1.08576899222111,"3.1","Type 3: High % - Low %",2021-10-11
"288",72,3,3,0.897827423500318,0.883769060370714,0.911496958213619,"3.3","Type 1: High % - High %",2021-10-11
"289",73,1,1,1,1,1,"1.1","Type 4: Low % - Low %",2021-10-18
"290",73,1,3,0.837664718928254,0.825546088871603,0.854763725649472,"1.3","Type 2: Low % - High %",2021-10-18
"291",73,3,1,1.02754891348678,1.00883260620533,1.04541096701706,"3.1","Type 3: High % - Low %",2021-10-18
"292",73,3,3,0.862748580905474,0.850220969441653,0.874227507274889,"3.3","Type 1: High % - High %",2021-10-18
"293",74,1,1,1,1,1,"1.1","Type 4: Low % - Low %",2021-10-25
"294",74,1,3,0.840180441111861,0.8262598173715,0.852716126621921,"1.3","Type 2: Low % - High %",2021-10-25
"295",74,3,1,1.02324985196279,1.0057880916629,1.04028316161817,"3.1","Type 3: High % - Low %",2021-10-25
"296",74,3,3,0.859577098547085,0.849241962908283,0.870983203766596,"3.3","Type 1: High % - High %",2021-10-25
"297",75,1,1,1,1,1,"1.1","Type 4: Low % - Low %",2021-11-01
"298",75,1,3,0.874158730377644,0.865183911263101,0.883709565488681,"1.3","Type 2: Low % - High %",2021-11-01
"299",75,3,1,1.01760893583129,1.00102037541261,1.02929101818408,"3.1","Type 3: High % - Low %",2021-11-01
"300",75,3,3,0.88880104579466,0.879725408826423,0.898395582746923,"3.3","Type 1: High % - High %",2021-11-01
"301",76,1,1,1,1,1,"1.1","Type 4: Low % - Low %",2021-11-08
"302",76,1,3,0.895392999056023,0.883914848237778,0.905043666221061,"1.3","Type 2: Low % - High %",2021-11-08
"303",76,3,1,1.00590102883813,0.99495126026926,1.0167084398624,"3.1","Type 3: High % - Low %",2021-11-08
"304",76,3,3,0.899687456048463,0.891718184325887,0.910156433871888,"3.3","Type 1: High % - High %",2021-11-08
"305",77,1,1,1,1,1,"1.1","Type 4: Low % - Low %",2021-11-15
"306",77,1,3,0.889252844361461,0.87959508590604,0.896055677841847,"1.3","Type 2: Low % - High %",2021-11-15
"307",77,3,1,1.02332501435336,1.0141594652565,1.03223859765489,"3.1","Type 3: High % - Low %",2021-11-15
"308",77,3,3,0.909922829481783,0.903125325253197,0.917355282305139,"3.3","Type 1: High % - High %",2021-11-15
"309",78,1,1,1,1,1,"1.1","Type 4: Low % - Low %",2021-11-22
"310",78,1,3,0.901206516692262,0.893787421105749,0.910412008712137,"1.3","Type 2: Low % - High %",2021-11-22
"311",78,3,1,1.02835669771259,1.01875841728986,1.03756534800388,"3.1","Type 3: High % - Low %",2021-11-22
"312",78,3,3,0.928165319769719,0.920066697347338,0.936195047360311,"3.3","Type 1: High % - High %",2021-11-22
"313",79,1,1,1,1,1,"1.1","Type 4: Low % - Low %",2021-11-29
"314",79,1,3,0.925326266661561,0.916531186473664,0.935141269993747,"1.3","Type 2: Low % - High %",2021-11-29
"315",79,3,1,1.0237104435936,1.01356359448038,1.03407086942052,"3.1","Type 3: High % - Low %",2021-11-29
"316",79,3,3,0.948041431781486,0.940153092661157,0.957028501680685,"3.3","Type 1: High % - High %",2021-11-29
"317",80,1,1,1,1,1,"1.1","Type 4: Low % - Low %",2021-12-06
"318",80,1,3,0.931689465155053,0.921563609249525,0.940555668723517,"1.3","Type 2: Low % - High %",2021-12-06
"319",80,3,1,1.02792908829834,1.01967934393555,1.03744114106708,"3.1","Type 3: High % - Low %",2021-12-06
"320",80,3,3,0.957294326523329,0.948086968151725,0.966116234228888,"3.3","Type 1: High % - High %",2021-12-06
"321",81,1,1,1,1,1,"1.1","Type 4: Low % - Low %",2021-12-13
"322",81,1,3,0.953301009597447,0.943050462306311,0.963989637368152,"1.3","Type 2: Low % - High %",2021-12-13
"323",81,3,1,1.00807163255234,0.997640763387681,1.02421290068387,"3.1","Type 3: High % - Low %",2021-12-13
"324",81,3,3,0.961948872859196,0.95395901090824,0.9723543561012,"3.3","Type 1: High % - High %",2021-12-13
"325",82,1,1,1,1,1,"1.1","Type 4: Low % - Low %",2021-12-20
"326",82,1,3,1.00382951186405,0.994633012459955,1.01683389274137,"1.3","Type 2: Low % - High %",2021-12-20
"327",82,3,1,0.977643441622074,0.968269948296585,0.993440770593083,"3.1","Type 3: High % - Low %",2021-12-20
"328",82,3,3,0.983169910828607,0.97021212089571,0.992887552700396,"3.3","Type 1: High % - High %",2021-12-20
"329",83,1,1,1,1,1,"1.1","Type 4: Low % - Low %",2021-12-27
"330",83,1,3,1.0258133849811,1.01598903061876,1.03744361867089,"1.3","Type 2: Low % - High %",2021-12-27
"331",83,3,1,0.970005453468586,0.95769576357633,0.981567862303977,"3.1","Type 3: High % - Low %",2021-12-27
"332",83,3,3,0.995603536108183,0.984886466485662,1.00475129963196,"3.3","Type 1: High % - High %",2021-12-27
