"","week_id","lvl_SES","lvl_MBG","q2","q1","q3","level","level.r","date"
"1",1,1,1,1,1,1,"1.1","Type 4: Low % - Low %",2020-01-06
"2",1,1,3,0.962156796565516,0.755108784725126,1.17630602829472,"1.3","Type 2: Low % - High %",2020-01-06
"3",1,3,1,0.937728659005448,0.780690052463604,1.26262025439098,"3.1","Type 3: High % - Low %",2020-01-06
"4",1,3,3,0.930143175010662,0.654616384285265,1.23374911850405,"3.3","Type 1: High % - High %",2020-01-06
"5",2,1,1,1,1,1,"1.1","Type 4: Low % - Low %",2020-01-13
"6",2,1,3,0.957170477676545,0.733052238985004,1.17344149757646,"1.3","Type 2: Low % - High %",2020-01-13
"7",2,3,1,0.942497756992342,0.790526485274223,1.22028645021493,"3.1","Type 3: High % - Low %",2020-01-13
"8",2,3,3,0.913632861797253,0.709126542253419,1.16814653920364,"3.3","Type 1: High % - High %",2020-01-13
"9",3,1,1,1,1,1,"1.1","Type 4: Low % - Low %",2020-01-20
"10",3,1,3,0.950256702966069,0.76280065345275,1.1477873076595,"1.3","Type 2: Low % - High %",2020-01-20
"11",3,3,1,0.947139275162873,0.79190282258667,1.17956898704486,"3.1","Type 3: High % - Low %",2020-01-20
"12",3,3,3,0.910067782072124,0.689484440624426,1.21126370120639,"3.3","Type 1: High % - High %",2020-01-20
"13",4,1,1,1,1,1,"1.1","Type 4: Low % - Low %",2020-01-27
"14",4,1,3,0.946259695232033,0.78697839734432,1.14421984968989,"1.3","Type 2: Low % - High %",2020-01-27
"15",4,3,1,0.962496035324836,0.791925521724893,1.16367635280082,"3.1","Type 3: High % - Low %",2020-01-27
"16",4,3,3,0.899143686806299,0.706870602698734,1.1371606033936,"3.3","Type 1: High % - High %",2020-01-27
"17",5,1,1,1,1,1,"1.1","Type 4: Low % - Low %",2020-02-03
"18",5,1,3,0.934134785177193,0.77463202231985,1.10835034605908,"1.3","Type 2: Low % - High %",2020-02-03
"19",5,3,1,0.945984290893175,0.807940842716016,1.14335834310893,"3.1","Type 3: High % - Low %",2020-02-03
"20",5,3,3,0.896371631451488,0.719229521501026,1.12047485306579,"3.3","Type 1: High % - High %",2020-02-03
"21",6,1,1,1,1,1,"1.1","Type 4: Low % - Low %",2020-02-10
"22",6,1,3,0.933296198501244,0.762148840927927,1.081207072988,"1.3","Type 2: Low % - High %",2020-02-10
"23",6,3,1,0.942089338273616,0.826274654053092,1.11619847964071,"3.1","Type 3: High % - Low %",2020-02-10
"24",6,3,3,0.89740528703197,0.736486126979667,1.11086125152043,"3.3","Type 1: High % - High %",2020-02-10
"25",7,1,1,1,1,1,"1.1","Type 4: Low % - Low %",2020-02-17
"26",7,1,3,0.928795975561137,0.808154061636848,1.05551854157896,"1.3","Type 2: Low % - High %",2020-02-17
"27",7,3,1,0.937050938256029,0.827569290129806,1.08298115111339,"3.1","Type 3: High % - Low %",2020-02-17
"28",7,3,3,0.890989962694199,0.747298607384532,1.03021442525466,"3.3","Type 1: High % - High %",2020-02-17
"29",8,1,1,1,1,1,"1.1","Type 4: Low % - Low %",2020-02-24
"30",8,1,3,0.92847727538194,0.832172087276823,1.0353898430686,"1.3","Type 2: Low % - High %",2020-02-24
"31",8,3,1,0.945375574239041,0.849567753279263,1.06359033509423,"3.1","Type 3: High % - Low %",2020-02-24
"32",8,3,3,0.871142815158411,0.76970951922587,1.00972522470879,"3.3","Type 1: High % - High %",2020-02-24
"33",9,1,1,1,1,1,"1.1","Type 4: Low % - Low %",2020-03-02
"34",9,1,3,0.91513807718811,0.845091749960107,1.0021005461153,"1.3","Type 2: Low % - High %",2020-03-02
"35",9,3,1,0.934444259829488,0.849559832260135,1.03841518141072,"3.1","Type 3: High % - Low %",2020-03-02
"36",9,3,3,0.858285071134422,0.760231234233601,0.950726031393676,"3.3","Type 1: High % - High %",2020-03-02
"37",10,1,1,1,1,1,"1.1","Type 4: Low % - Low %",2020-03-09
"38",10,1,3,0.904243523769909,0.85029496193576,0.961801469879368,"1.3","Type 2: Low % - High %",2020-03-09
"39",10,3,1,0.931691259341913,0.869467605775992,1.01509840087923,"3.1","Type 3: High % - Low %",2020-03-09
"40",10,3,3,0.846193567910826,0.784500868401536,0.90356545513053,"3.3","Type 1: High % - High %",2020-03-09
"41",11,1,1,1,1,1,"1.1","Type 4: Low % - Low %",2020-03-16
"42",11,1,3,0.921379508473726,0.871664525094538,0.961035106129997,"1.3","Type 2: Low % - High %",2020-03-16
"43",11,3,1,0.946415449734469,0.898406138566602,1.00558659192861,"3.1","Type 3: High % - Low %",2020-03-16
"44",11,3,3,0.872080786640506,0.829839944636696,0.905864572171627,"3.3","Type 1: High % - High %",2020-03-16
"45",12,1,1,1,1,1,"1.1","Type 4: Low % - Low %",2020-03-23
"46",12,1,3,1.0037788715958,0.965785929788442,1.04221420828164,"1.3","Type 2: Low % - High %",2020-03-23
"47",12,3,1,0.955693302466649,0.902361014679761,1.00507475396038,"3.1","Type 3: High % - Low %",2020-03-23
"48",12,3,3,0.958020996067939,0.932224645538225,0.992871709312915,"3.3","Type 1: High % - High %",2020-03-23
"49",13,1,1,1,1,1,"1.1","Type 4: Low % - Low %",2020-03-30
"50",13,1,3,1.07408397888501,1.03754236818904,1.11114803406207,"1.3","Type 2: Low % - High %",2020-03-30
"51",13,3,1,0.988475138125204,0.934341449304433,1.04440060194345,"3.1","Type 3: High % - Low %",2020-03-30
"52",13,3,3,1.06533820490309,1.0279105972319,1.1107318453443,"3.3","Type 1: High % - High %",2020-03-30
"53",14,1,1,1,1,1,"1.1","Type 4: Low % - Low %",2020-04-06
"54",14,1,3,1.12845855644543,1.07986682090508,1.17885488340526,"1.3","Type 2: Low % - High %",2020-04-06
"55",14,3,1,1.03757812732548,0.986225803267852,1.10704067229184,"3.1","Type 3: High % - Low %",2020-04-06
"56",14,3,3,1.17142502898734,1.12652552872846,1.22429323206873,"3.3","Type 1: High % - High %",2020-04-06
"57",15,1,1,1,1,1,"1.1","Type 4: Low % - Low %",2020-04-13
"58",15,1,3,1.16049807029446,1.10524109609922,1.22350042527381,"1.3","Type 2: Low % - High %",2020-04-13
"59",15,3,1,1.04772784932209,0.992645653067343,1.10657326640684,"3.1","Type 3: High % - Low %",2020-04-13
"60",15,3,3,1.22005661545431,1.16626057000404,1.28247579348355,"3.3","Type 1: High % - High %",2020-04-13
"61",16,1,1,1,1,1,"1.1","Type 4: Low % - Low %",2020-04-20
"62",16,1,3,1.20583208075039,1.14379882337533,1.29046479445644,"1.3","Type 2: Low % - High %",2020-04-20
"63",16,3,1,1.06073840680493,0.988654333040675,1.13372443258498,"3.1","Type 3: High % - Low %",2020-04-20
"64",16,3,3,1.28130529224762,1.20438004388192,1.35488507569748,"3.3","Type 1: High % - High %",2020-04-20
"65",17,1,1,1,1,1,"1.1","Type 4: Low % - Low %",2020-04-27
"66",17,1,3,1.23553490262535,1.16195103225226,1.3062989630558,"1.3","Type 2: Low % - High %",2020-04-27
"67",17,3,1,1.06255240884035,0.989678516757382,1.14885527931018,"3.1","Type 3: High % - Low %",2020-04-27
"68",17,3,3,1.3125107569218,1.24070821557806,1.38675650581916,"3.3","Type 1: High % - High %",2020-04-27
"69",18,1,1,1,1,1,"1.1","Type 4: Low % - Low %",2020-05-04
"70",18,1,3,1.25130435162062,1.15621944154085,1.330222312094,"1.3","Type 2: Low % - High %",2020-05-04
"71",18,3,1,1.08280014960759,1.01389519268111,1.16120242347273,"3.1","Type 3: High % - Low %",2020-05-04
"72",18,3,3,1.33975955173314,1.25416653297486,1.44711290151104,"3.3","Type 1: High % - High %",2020-05-04
"73",19,1,1,1,1,1,"1.1","Type 4: Low % - Low %",2020-05-11
"74",19,1,3,1.25229421647348,1.14911241091463,1.33722716230671,"1.3","Type 2: Low % - High %",2020-05-11
"75",19,3,1,1.08442839269025,0.995173783222263,1.1895214437951,"3.1","Type 3: High % - Low %",2020-05-11
"76",19,3,3,1.36813742807955,1.27108526664217,1.48161088390688,"3.3","Type 1: High % - High %",2020-05-11
"77",20,1,1,1,1,1,"1.1","Type 4: Low % - Low %",2020-05-18
"78",20,1,3,1.26329554573293,1.15897133553135,1.36370418879927,"1.3","Type 2: Low % - High %",2020-05-18
"79",20,3,1,1.07492166282745,0.996297876537076,1.20380386672892,"3.1","Type 3: High % - Low %",2020-05-18
"80",20,3,3,1.37129386419975,1.25185848097061,1.4873335594745,"3.3","Type 1: High % - High %",2020-05-18
"81",21,1,1,1,1,1,"1.1","Type 4: Low % - Low %",2020-05-25
"82",21,1,3,1.26978842369587,1.17096928287413,1.36637660468803,"1.3","Type 2: Low % - High %",2020-05-25
"83",21,3,1,1.05662661200553,0.955490750120563,1.17035554000903,"3.1","Type 3: High % - Low %",2020-05-25
"84",21,3,3,1.34980042231578,1.22257571197019,1.46010218049418,"3.3","Type 1: High % - High %",2020-05-25
"85",22,1,1,1,1,1,"1.1","Type 4: Low % - Low %",2020-06-01
"86",22,1,3,1.27528102380611,1.19186268928588,1.42812268677322,"1.3","Type 2: Low % - High %",2020-06-01
"87",22,3,1,1.04723172461549,0.938718385099106,1.17510191272626,"3.1","Type 3: High % - Low %",2020-06-01
"88",22,3,3,1.34281051879128,1.22950986765715,1.48695780466691,"3.3","Type 1: High % - High %",2020-06-01
"89",23,1,1,1,1,1,"1.1","Type 4: Low % - Low %",2020-06-08
"90",23,1,3,1.29201104265467,1.18969646657041,1.3908688484241,"1.3","Type 2: Low % - High %",2020-06-08
"91",23,3,1,1.05792505503455,0.954749123799493,1.17970934480873,"3.1","Type 3: High % - Low %",2020-06-08
"92",23,3,3,1.36382527061846,1.21382424012851,1.50098340617944,"3.3","Type 1: High % - High %",2020-06-08
"93",24,1,1,1,1,1,"1.1","Type 4: Low % - Low %",2020-06-15
"94",24,1,3,1.29385072161987,1.17756056017456,1.4322404662204,"1.3","Type 2: Low % - High %",2020-06-15
"95",24,3,1,1.06019876867092,0.950041741425392,1.20411043097364,"3.1","Type 3: High % - Low %",2020-06-15
"96",24,3,3,1.37941009846846,1.20921125945898,1.5537710370435,"3.3","Type 1: High % - High %",2020-06-15
"97",25,1,1,1,1,1,"1.1","Type 4: Low % - Low %",2020-06-22
"98",25,1,3,1.29218221830136,1.1568183733361,1.4447433774852,"1.3","Type 2: Low % - High %",2020-06-22
"99",25,3,1,1.0639003375392,0.964811214820339,1.20484507260397,"3.1","Type 3: High % - Low %",2020-06-22
"100",25,3,3,1.38792007858259,1.20696744488105,1.59245877768527,"3.3","Type 1: High % - High %",2020-06-22
"101",26,1,1,1,1,1,"1.1","Type 4: Low % - Low %",2020-06-29
"102",26,1,3,1.30604612719944,1.16629592166315,1.48360504856663,"1.3","Type 2: Low % - High %",2020-06-29
"103",26,3,1,1.07138732863777,0.934677745671884,1.20805444146201,"3.1","Type 3: High % - Low %",2020-06-29
"104",26,3,3,1.40644733001202,1.21587677339728,1.56176330222711,"3.3","Type 1: High % - High %",2020-06-29
"105",27,1,1,1,1,1,"1.1","Type 4: Low % - Low %",2020-07-06
"106",27,1,3,1.33067286165489,1.19972114533917,1.45476463332431,"1.3","Type 2: Low % - High %",2020-07-06
"107",27,3,1,1.07225199439301,0.955134285821219,1.21205535630406,"3.1","Type 3: High % - Low %",2020-07-06
"108",27,3,3,1.43643431440718,1.26723942745369,1.58019890458325,"3.3","Type 1: High % - High %",2020-07-06
"109",28,1,1,1,1,1,"1.1","Type 4: Low % - Low %",2020-07-13
"110",28,1,3,1.39382321224075,1.24514971317178,1.51178436842325,"1.3","Type 2: Low % - High %",2020-07-13
"111",28,3,1,1.08820231100816,0.975402504327941,1.240004909584,"3.1","Type 3: High % - Low %",2020-07-13
"112",28,3,3,1.50326296236012,1.37264101627999,1.68954653675232,"3.3","Type 1: High % - High %",2020-07-13
"113",29,1,1,1,1,1,"1.1","Type 4: Low % - Low %",2020-07-20
"114",29,1,3,1.44213303413412,1.31335474214679,1.56288757819551,"1.3","Type 2: Low % - High %",2020-07-20
"115",29,3,1,1.09569093403232,0.998214044305308,1.22020181891218,"3.1","Type 3: High % - Low %",2020-07-20
"116",29,3,3,1.56034552897058,1.42381204133662,1.71797205518275,"3.3","Type 1: High % - High %",2020-07-20
"117",30,1,1,1,1,1,"1.1","Type 4: Low % - Low %",2020-07-27
"118",30,1,3,1.49750463236297,1.37646903505656,1.63963026924499,"1.3","Type 2: Low % - High %",2020-07-27
"119",30,3,1,1.11055033274081,0.989767315915885,1.24321213912216,"3.1","Type 3: High % - Low %",2020-07-27
"120",30,3,3,1.65530921886389,1.52026598368764,1.8310830920709,"3.3","Type 1: High % - High %",2020-07-27
"121",31,1,1,1,1,1,"1.1","Type 4: Low % - Low %",2020-08-03
"122",31,1,3,1.5491706854993,1.41552145897325,1.69133735201511,"1.3","Type 2: Low % - High %",2020-08-03
"123",31,3,1,1.12473857139614,1.02087551814145,1.25001194612219,"3.1","Type 3: High % - Low %",2020-08-03
"124",31,3,3,1.73987191313348,1.61568082243982,1.92059172098424,"3.3","Type 1: High % - High %",2020-08-03
"125",32,1,1,1,1,1,"1.1","Type 4: Low % - Low %",2020-08-10
"126",32,1,3,1.55498221209578,1.45513520725596,1.66627350753721,"1.3","Type 2: Low % - High %",2020-08-10
"127",32,3,1,1.11720768816732,1.01488546858048,1.23044823366921,"3.1","Type 3: High % - Low %",2020-08-10
"128",32,3,3,1.73716326866397,1.61617744406267,1.87849897286614,"3.3","Type 1: High % - High %",2020-08-10
"129",33,1,1,1,1,1,"1.1","Type 4: Low % - Low %",2020-08-17
"130",33,1,3,1.56885412898004,1.45124591451312,1.69234110191318,"1.3","Type 2: Low % - High %",2020-08-17
"131",33,3,1,1.11764642706552,0.997760871362326,1.22519096499214,"3.1","Type 3: High % - Low %",2020-08-17
"132",33,3,3,1.75059624867868,1.62165842800927,1.90210069961849,"3.3","Type 1: High % - High %",2020-08-17
"133",34,1,1,1,1,1,"1.1","Type 4: Low % - Low %",2020-08-24
"134",34,1,3,1.58656831525431,1.4600336827732,1.71725455617938,"1.3","Type 2: Low % - High %",2020-08-24
"135",34,3,1,1.09707871510565,1.00575867179563,1.19020580635368,"3.1","Type 3: High % - Low %",2020-08-24
"136",34,3,3,1.74354517925562,1.61286224480508,1.89014326933918,"3.3","Type 1: High % - High %",2020-08-24
"137",35,1,1,1,1,1,"1.1","Type 4: Low % - Low %",2020-08-31
"138",35,1,3,1.57986734632841,1.47085421383437,1.72083255536897,"1.3","Type 2: Low % - High %",2020-08-31
"139",35,3,1,1.09924635244107,1.01074052808689,1.19826763277534,"3.1","Type 3: High % - Low %",2020-08-31
"140",35,3,3,1.73799822183169,1.62385937758527,1.87557742219577,"3.3","Type 1: High % - High %",2020-08-31
"141",36,1,1,1,1,1,"1.1","Type 4: Low % - Low %",2020-09-07
"142",36,1,3,1.57753259691291,1.47114780860507,1.66614741189067,"1.3","Type 2: Low % - High %",2020-09-07
"143",36,3,1,1.07258896037888,1.0139982015343,1.1514715411366,"3.1","Type 3: High % - Low %",2020-09-07
"144",36,3,3,1.6870346917674,1.59335447403312,1.80300504043826,"3.3","Type 1: High % - High %",2020-09-07
"145",37,1,1,1,1,1,"1.1","Type 4: Low % - Low %",2020-09-14
"146",37,1,3,1.50360286193318,1.42221073426238,1.59327039012745,"1.3","Type 2: Low % - High %",2020-09-14
"147",37,3,1,1.05066267121723,0.996252816713538,1.13301833388217,"3.1","Type 3: High % - Low %",2020-09-14
"148",37,3,3,1.58187214621363,1.51860423388885,1.6891274496456,"3.3","Type 1: High % - High %",2020-09-14
"149",38,1,1,1,1,1,"1.1","Type 4: Low % - Low %",2020-09-21
"150",38,1,3,1.46567930393804,1.39927570762959,1.55283395402144,"1.3","Type 2: Low % - High %",2020-09-21
"151",38,3,1,1.06053629380849,1.00742160866774,1.13792215942282,"3.1","Type 3: High % - Low %",2020-09-21
"152",38,3,3,1.55885475358207,1.48800983667219,1.65438809818193,"3.3","Type 1: High % - High %",2020-09-21
"153",39,1,1,1,1,1,"1.1","Type 4: Low % - Low %",2020-09-28
"154",39,1,3,1.38413919009957,1.30889429217254,1.45129434607127,"1.3","Type 2: Low % - High %",2020-09-28
"155",39,3,1,1.05636927982997,0.988249193501114,1.12428782062457,"3.1","Type 3: High % - Low %",2020-09-28
"156",39,3,3,1.4624209360676,1.39087778780218,1.5547288016726,"3.3","Type 1: High % - High %",2020-09-28
"157",40,1,1,1,1,1,"1.1","Type 4: Low % - Low %",2020-10-05
"158",40,1,3,1.30865408266393,1.26080415808255,1.37439102862784,"1.3","Type 2: Low % - High %",2020-10-05
"159",40,3,1,1.07148685868506,1.02008515017147,1.12600230929949,"3.1","Type 3: High % - Low %",2020-10-05
"160",40,3,3,1.39763772867256,1.35322507907365,1.45796769134379,"3.3","Type 1: High % - High %",2020-10-05
"161",41,1,1,1,1,1,"1.1","Type 4: Low % - Low %",2020-10-12
"162",41,1,3,1.26746298543927,1.21419803011258,1.32510053618096,"1.3","Type 2: Low % - High %",2020-10-12
"163",41,3,1,1.0788342057577,1.02389264384424,1.13734622277515,"3.1","Type 3: High % - Low %",2020-10-12
"164",41,3,3,1.36776826029249,1.32237016315272,1.43039349003009,"3.3","Type 1: High % - High %",2020-10-12
"165",42,1,1,1,1,1,"1.1","Type 4: Low % - Low %",2020-10-19
"166",42,1,3,1.21989856166349,1.16650650770641,1.26497567218375,"1.3","Type 2: Low % - High %",2020-10-19
"167",42,3,1,1.09052472928218,1.0444470520593,1.14860356675935,"3.1","Type 3: High % - Low %",2020-10-19
"168",42,3,3,1.33270483861646,1.26846248068678,1.38641093768316,"3.3","Type 1: High % - High %",2020-10-19
"169",43,1,1,1,1,1,"1.1","Type 4: Low % - Low %",2020-10-26
"170",43,1,3,1.18099825127976,1.13069109205568,1.22134279635397,"1.3","Type 2: Low % - High %",2020-10-26
"171",43,3,1,1.07940093391989,1.03737793686896,1.13385078830164,"3.1","Type 3: High % - Low %",2020-10-26
"172",43,3,3,1.27203327548283,1.22491961134406,1.33792082968329,"3.3","Type 1: High % - High %",2020-10-26
"173",44,1,1,1,1,1,"1.1","Type 4: Low % - Low %",2020-11-02
"174",44,1,3,1.15523727937066,1.1069887213329,1.21400020408865,"1.3","Type 2: Low % - High %",2020-11-02
"175",44,3,1,1.08112003942738,1.01847933863367,1.13609758897721,"3.1","Type 3: High % - Low %",2020-11-02
"176",44,3,3,1.24806975816744,1.20205285757892,1.29803806387702,"3.3","Type 1: High % - High %",2020-11-02
"177",45,1,1,1,1,1,"1.1","Type 4: Low % - Low %",2020-11-09
"178",45,1,3,1.16743879760896,1.11800164915836,1.23109943931729,"1.3","Type 2: Low % - High %",2020-11-09
"179",45,3,1,1.08284869255927,1.02704306798754,1.14250352446626,"3.1","Type 3: High % - Low %",2020-11-09
"180",45,3,3,1.26636525286101,1.20336474436122,1.31397544506474,"3.3","Type 1: High % - High %",2020-11-09
"181",46,1,1,1,1,1,"1.1","Type 4: Low % - Low %",2020-11-16
"182",46,1,3,1.16509398213324,1.11349240150353,1.2193851135134,"1.3","Type 2: Low % - High %",2020-11-16
"183",46,3,1,1.10167532111981,1.03834380023266,1.1646837334943,"3.1","Type 3: High % - Low %",2020-11-16
"184",46,3,3,1.28011708808508,1.23072942113304,1.33814594676992,"3.3","Type 1: High % - High %",2020-11-16
"185",47,1,1,1,1,1,"1.1","Type 4: Low % - Low %",2020-11-23
"186",47,1,3,1.11181487967744,1.06914500426408,1.17943283859923,"1.3","Type 2: Low % - High %",2020-11-23
"187",47,3,1,1.12250572056083,1.06688812838603,1.18372037735019,"3.1","Type 3: High % - Low %",2020-11-23
"188",47,3,3,1.25290565499849,1.20289297582536,1.30120915074068,"3.3","Type 1: High % - High %",2020-11-23
"189",48,1,1,1,1,1,"1.1","Type 4: Low % - Low %",2020-11-30
"190",48,1,3,1.07527381932441,1.02871859560438,1.1242798446844,"1.3","Type 2: Low % - High %",2020-11-30
"191",48,3,1,1.13867420084772,1.07463734207835,1.19345411072128,"3.1","Type 3: High % - Low %",2020-11-30
"192",48,3,3,1.22648465767588,1.17424368708016,1.26726642919638,"3.3","Type 1: High % - High %",2020-11-30
"193",49,1,1,1,1,1,"1.1","Type 4: Low % - Low %",2020-12-07
"194",49,1,3,1.03541620250453,0.987715358826488,1.07238904727223,"1.3","Type 2: Low % - High %",2020-12-07
"195",49,3,1,1.15575951927282,1.1069200340564,1.22680217878282,"3.1","Type 3: High % - Low %",2020-12-07
"196",49,3,3,1.19907235100511,1.15243339037909,1.25020167461309,"3.3","Type 1: High % - High %",2020-12-07
"197",50,1,1,1,1,1,"1.1","Type 4: Low % - Low %",2020-12-14
"198",50,1,3,1.02908650441841,0.983579079316968,1.07636505565996,"1.3","Type 2: Low % - High %",2020-12-14
"199",50,3,1,1.17454667065073,1.12703975600588,1.24125028158103,"3.1","Type 3: High % - Low %",2020-12-14
"200",50,3,3,1.21564304286605,1.16248804968526,1.25124330639466,"3.3","Type 1: High % - High %",2020-12-14
"201",51,1,1,1,1,1,"1.1","Type 4: Low % - Low %",2020-12-21
"202",51,1,3,0.975873063146215,0.937725561063927,1.02729336252082,"1.3","Type 2: Low % - High %",2020-12-21
"203",51,3,1,1.15921131396088,1.1097169458217,1.21873358466698,"3.1","Type 3: High % - Low %",2020-12-21
"204",51,3,3,1.13314206551226,1.08365161159007,1.17205339787935,"3.3","Type 1: High % - High %",2020-12-21
"205",52,1,1,1,1,1,"1.1","Type 4: Low % - Low %",2020-12-28
"206",52,1,3,0.947354259744072,0.897732823072781,0.993421229125379,"1.3","Type 2: Low % - High %",2020-12-28
"207",52,3,1,1.15359577446486,1.100495164164,1.21756547581989,"3.1","Type 3: High % - Low %",2020-12-28
"208",52,3,3,1.09197038870498,1.05502683134727,1.14432542389687,"3.3","Type 1: High % - High %",2020-12-28
"209",53,1,1,1,1,1,"1.1","Type 4: Low % - Low %",2021-01-04
"210",53,1,3,0.970478750299181,0.935034506187102,1.02412139720398,"1.3","Type 2: Low % - High %",2021-01-04
"211",53,3,1,1.12139695728037,1.07436215682658,1.19666017470525,"3.1","Type 3: High % - Low %",2021-01-04
"212",53,3,3,1.09745010167083,1.04332902217798,1.14199517978217,"3.3","Type 1: High % - High %",2021-01-04
"213",54,1,1,1,1,1,"1.1","Type 4: Low % - Low %",2021-01-11
"214",54,1,3,1.00113383961143,0.953517524437424,1.0471750395656,"1.3","Type 2: Low % - High %",2021-01-11
"215",54,3,1,1.16156451549191,1.11042101224772,1.22407267717612,"3.1","Type 3: High % - Low %",2021-01-11
"216",54,3,3,1.16147796869078,1.11434180776323,1.2207632527188,"3.3","Type 1: High % - High %",2021-01-11
"217",55,1,1,1,1,1,"1.1","Type 4: Low % - Low %",2021-01-18
"218",55,1,3,1.00016460387686,0.94796857708242,1.04639430961262,"1.3","Type 2: Low % - High %",2021-01-18
"219",55,3,1,1.17620738358321,1.13134609802649,1.26121625177649,"3.1","Type 3: High % - Low %",2021-01-18
"220",55,3,3,1.18149397015329,1.12265719241756,1.24335112872094,"3.3","Type 1: High % - High %",2021-01-18
"221",56,1,1,1,1,1,"1.1","Type 4: Low % - Low %",2021-01-25
"222",56,1,3,1.00862245908939,0.955236408594904,1.05587556830675,"1.3","Type 2: Low % - High %",2021-01-25
"223",56,3,1,1.16931924310155,1.10980715868854,1.24843465956486,"3.1","Type 3: High % - Low %",2021-01-25
"224",56,3,3,1.18464222057841,1.13040617876202,1.23581258768024,"3.3","Type 1: High % - High %",2021-01-25
"225",57,1,1,1,1,1,"1.1","Type 4: Low % - Low %",2021-02-01
"226",57,1,3,1.01376748286545,0.969142320110132,1.06369154249637,"1.3","Type 2: Low % - High %",2021-02-01
"227",57,3,1,1.18915454589668,1.12725024958339,1.26970948800504,"3.1","Type 3: High % - Low %",2021-02-01
"228",57,3,3,1.21198484275954,1.14403591147646,1.25313273822134,"3.3","Type 1: High % - High %",2021-02-01
"229",58,1,1,1,1,1,"1.1","Type 4: Low % - Low %",2021-02-08
"230",58,1,3,1.02965931236958,0.982476076383262,1.08412634138722,"1.3","Type 2: Low % - High %",2021-02-08
"231",58,3,1,1.21665549385953,1.15254414725639,1.28126634193958,"3.1","Type 3: High % - Low %",2021-02-08
"232",58,3,3,1.25253178323012,1.19131186021964,1.30680228462373,"3.3","Type 1: High % - High %",2021-02-08
"233",59,1,1,1,1,1,"1.1","Type 4: Low % - Low %",2021-02-15
"234",59,1,3,1.01163639473279,0.965003973023744,1.06011484267123,"1.3","Type 2: Low % - High %",2021-02-15
"235",59,3,1,1.2108130182309,1.14688892253641,1.27598622988635,"3.1","Type 3: High % - Low %",2021-02-15
"236",59,3,3,1.22409551836449,1.1753684751913,1.28111929234071,"3.3","Type 1: High % - High %",2021-02-15
"237",60,1,1,1,1,1,"1.1","Type 4: Low % - Low %",2021-02-22
"238",60,1,3,1.02398185955693,0.972123234758596,1.07338663473273,"1.3","Type 2: Low % - High %",2021-02-22
"239",60,3,1,1.15798949454015,1.09543202570162,1.22139178636271,"3.1","Type 3: High % - Low %",2021-02-22
"240",60,3,3,1.18409522724807,1.12641611393312,1.24636403097308,"3.3","Type 1: High % - High %",2021-02-22
"241",61,1,1,1,1,1,"1.1","Type 4: Low % - Low %",2021-03-01
"242",61,1,3,1.04315528923783,0.989542682663575,1.0900048263776,"1.3","Type 2: Low % - High %",2021-03-01
"243",61,3,1,1.14265031436936,1.07716516584336,1.20516083380439,"3.1","Type 3: High % - Low %",2021-03-01
"244",61,3,3,1.18437423670788,1.12833913648224,1.25397244774254,"3.3","Type 1: High % - High %",2021-03-01
"245",62,1,1,1,1,1,"1.1","Type 4: Low % - Low %",2021-03-08
"246",62,1,3,1.05721512812778,1.00746536356623,1.09881049411331,"1.3","Type 2: Low % - High %",2021-03-08
"247",62,3,1,1.09971146921641,1.053083384903,1.15939774856089,"3.1","Type 3: High % - Low %",2021-03-08
"248",62,3,3,1.15925893936335,1.09550412995498,1.225485988258,"3.3","Type 1: High % - High %",2021-03-08
"249",63,1,1,1,1,1,"1.1","Type 4: Low % - Low %",2021-03-15
"250",63,1,3,1.05938699315802,1.00817330049226,1.10925367972039,"1.3","Type 2: Low % - High %",2021-03-15
"251",63,3,1,1.104685994243,1.05194571985142,1.16705575916872,"3.1","Type 3: High % - Low %",2021-03-15
"252",63,3,3,1.16705287283331,1.11749542613789,1.22466125665572,"3.3","Type 1: High % - High %",2021-03-15
"253",64,1,1,1,1,1,"1.1","Type 4: Low % - Low %",2021-03-22
"254",64,1,3,1.06507401756,1.01189314674871,1.11232568636786,"1.3","Type 2: Low % - High %",2021-03-22
"255",64,3,1,1.12194788593887,1.06512550198764,1.18666344041131,"3.1","Type 3: High % - Low %",2021-03-22
"256",64,3,3,1.19085649435067,1.14273716709983,1.24316539584421,"3.3","Type 1: High % - High %",2021-03-22
"257",65,1,1,1,1,1,"1.1","Type 4: Low % - Low %",2021-03-29
"258",65,1,3,1.08249188622976,1.04381264200746,1.13140252664745,"1.3","Type 2: Low % - High %",2021-03-29
"259",65,3,1,1.11255644257189,1.06598906004874,1.16271931726604,"3.1","Type 3: High % - Low %",2021-03-29
"260",65,3,3,1.203157044429,1.16104382812198,1.25430260366758,"3.3","Type 1: High % - High %",2021-03-29
"261",66,1,1,1,1,1,"1.1","Type 4: Low % - Low %",2021-04-05
"262",66,1,3,1.07917523344595,1.02397734224897,1.12386543036006,"1.3","Type 2: Low % - High %",2021-04-05
"263",66,3,1,1.13797179250036,1.07959468463013,1.202808090397,"3.1","Type 3: High % - Low %",2021-04-05
"264",66,3,3,1.22762771728239,1.17718231208238,1.28413141969277,"3.3","Type 1: High % - High %",2021-04-05
"265",67,1,1,1,1,1,"1.1","Type 4: Low % - Low %",2021-04-12
"266",67,1,3,1.10085083262944,1.05442427236525,1.15235337596885,"1.3","Type 2: Low % - High %",2021-04-12
"267",67,3,1,1.13939046264352,1.08216585699112,1.1944666534511,"3.1","Type 3: High % - Low %",2021-04-12
"268",67,3,3,1.25697879744276,1.19123704690382,1.29910178889608,"3.3","Type 1: High % - High %",2021-04-12
"269",68,1,1,1,1,1,"1.1","Type 4: Low % - Low %",2021-04-19
"270",68,1,3,1.07997752642667,1.02796791259954,1.12473912703677,"1.3","Type 2: Low % - High %",2021-04-19
"271",68,3,1,1.14482385500239,1.09611399215334,1.2086270646812,"3.1","Type 3: High % - Low %",2021-04-19
"272",68,3,3,1.23761993544588,1.18522877889466,1.29144392379627,"3.3","Type 1: High % - High %",2021-04-19
"273",69,1,1,1,1,1,"1.1","Type 4: Low % - Low %",2021-04-26
"274",69,1,3,1.05912983997076,1.01002144261146,1.09164180293462,"1.3","Type 2: Low % - High %",2021-04-26
"275",69,3,1,1.1965330216847,1.14921248203335,1.26855797831117,"3.1","Type 3: High % - Low %",2021-04-26
"276",69,3,3,1.26472915138939,1.22318130547148,1.32503692473778,"3.3","Type 1: High % - High %",2021-04-26
"277",70,1,1,1,1,1,"1.1","Type 4: Low % - Low %",2021-05-03
"278",70,1,3,1.00504759296891,0.968195356635733,1.06001719419702,"1.3","Type 2: Low % - High %",2021-05-03
"279",70,3,1,1.24260538601224,1.1896900400067,1.32093865779246,"3.1","Type 3: High % - Low %",2021-05-03
"280",70,3,3,1.25775551580379,1.20398239739179,1.32768996028723,"3.3","Type 1: High % - High %",2021-05-03
"281",71,1,1,1,1,1,"1.1","Type 4: Low % - Low %",2021-05-10
"282",71,1,3,1.03423026394451,0.979383656927821,1.09128346392109,"1.3","Type 2: Low % - High %",2021-05-10
"283",71,3,1,1.24273572861109,1.16661437509331,1.33044463056303,"3.1","Type 3: High % - Low %",2021-05-10
"284",71,3,3,1.28709690666318,1.23613729852779,1.35246409517429,"3.3","Type 1: High % - High %",2021-05-10
"285",72,1,1,1,1,1,"1.1","Type 4: Low % - Low %",2021-05-17
"286",72,1,3,1.02833097412676,0.980423163193829,1.08523048333014,"1.3","Type 2: Low % - High %",2021-05-17
"287",72,3,1,1.23972259014366,1.15636506937084,1.32728510213185,"3.1","Type 3: High % - Low %",2021-05-17
"288",72,3,3,1.27707405664967,1.21510609848234,1.35971756683838,"3.3","Type 1: High % - High %",2021-05-17
"289",73,1,1,1,1,1,"1.1","Type 4: Low % - Low %",2021-05-24
"290",73,1,3,1.03859648716592,0.983616554666835,1.09355864470146,"1.3","Type 2: Low % - High %",2021-05-24
"291",73,3,1,1.24376203780243,1.16377377549123,1.31155342211749,"3.1","Type 3: High % - Low %",2021-05-24
"292",73,3,3,1.29039241905096,1.18575513959306,1.36677804731205,"3.3","Type 1: High % - High %",2021-05-24
"293",74,1,1,1,1,1,"1.1","Type 4: Low % - Low %",2021-05-31
"294",74,1,3,1.08717544768689,1.01658277535727,1.13948855569782,"1.3","Type 2: Low % - High %",2021-05-31
"295",74,3,1,1.25491415935893,1.1815598555114,1.34794715286864,"3.1","Type 3: High % - Low %",2021-05-31
"296",74,3,3,1.36064591665556,1.27832053763718,1.45935861502027,"3.3","Type 1: High % - High %",2021-05-31
"297",75,1,1,1,1,1,"1.1","Type 4: Low % - Low %",2021-06-07
"298",75,1,3,1.0804323346103,1.01313687380401,1.14601599973245,"1.3","Type 2: Low % - High %",2021-06-07
"299",75,3,1,1.24473891700049,1.15824422881795,1.35112061306569,"3.1","Type 3: High % - Low %",2021-06-07
"300",75,3,3,1.34118915934176,1.25372013894169,1.43835023956979,"3.3","Type 1: High % - High %",2021-06-07
"301",76,1,1,1,1,1,"1.1","Type 4: Low % - Low %",2021-06-14
"302",76,1,3,1.12760445250177,1.03662029853178,1.20408423558448,"1.3","Type 2: Low % - High %",2021-06-14
"303",76,3,1,1.23438035784165,1.16765636725669,1.36051341849295,"3.1","Type 3: High % - Low %",2021-06-14
"304",76,3,3,1.39715936698913,1.28644687610234,1.51208698413901,"3.3","Type 1: High % - High %",2021-06-14
"305",77,1,1,1,1,1,"1.1","Type 4: Low % - Low %",2021-06-21
"306",77,1,3,1.12081498649638,1.04014451378171,1.21706299386915,"1.3","Type 2: Low % - High %",2021-06-21
"307",77,3,1,1.20803504806354,1.1309522262172,1.32948081844831,"3.1","Type 3: High % - Low %",2021-06-21
"308",77,3,3,1.35962936175576,1.27113522025656,1.50652775481501,"3.3","Type 1: High % - High %",2021-06-21
"309",78,1,1,1,1,1,"1.1","Type 4: Low % - Low %",2021-06-28
"310",78,1,3,1.12911250564498,1.04160691923491,1.25058473925694,"1.3","Type 2: Low % - High %",2021-06-28
"311",78,3,1,1.18468619528373,1.05792518331708,1.30940660100301,"3.1","Type 3: High % - Low %",2021-06-28
"312",78,3,3,1.33922859920578,1.21812500850245,1.46662640463329,"3.3","Type 1: High % - High %",2021-06-28
"313",79,1,1,1,1,1,"1.1","Type 4: Low % - Low %",2021-07-05
"314",79,1,3,1.15298799077306,1.07090125187269,1.21728645744602,"1.3","Type 2: Low % - High %",2021-07-05
"315",79,3,1,1.14576874970801,1.04808177511328,1.25006204533348,"3.1","Type 3: High % - Low %",2021-07-05
"316",79,3,3,1.3170528677708,1.2166877815648,1.45093672713945,"3.3","Type 1: High % - High %",2021-07-05
"317",80,1,1,1,1,1,"1.1","Type 4: Low % - Low %",2021-07-12
"318",80,1,3,1.15669223493087,1.07209616800541,1.23646638671278,"1.3","Type 2: Low % - High %",2021-07-12
"319",80,3,1,1.11205583282078,1.0370658518509,1.19866299587002,"3.1","Type 3: High % - Low %",2021-07-12
"320",80,3,3,1.28416138661669,1.19262316624793,1.38376296714891,"3.3","Type 1: High % - High %",2021-07-12
"321",81,1,1,1,1,1,"1.1","Type 4: Low % - Low %",2021-07-19
"322",81,1,3,1.16578030390668,1.10469058826427,1.23130311584936,"1.3","Type 2: Low % - High %",2021-07-19
"323",81,3,1,1.08430391858055,1.00663458110379,1.1737555742208,"3.1","Type 3: High % - Low %",2021-07-19
"324",81,3,3,1.26322084750339,1.19674409860107,1.36031434483405,"3.3","Type 1: High % - High %",2021-07-19
"325",82,1,1,1,1,1,"1.1","Type 4: Low % - Low %",2021-07-26
"326",82,1,3,1.22514189186365,1.16622990239915,1.29956220195043,"1.3","Type 2: Low % - High %",2021-07-26
"327",82,3,1,1.09608859724412,1.03060937417461,1.18470034578818,"3.1","Type 3: High % - Low %",2021-07-26
"328",82,3,3,1.34043470784269,1.28466160201206,1.43416613992294,"3.3","Type 1: High % - High %",2021-07-26
"329",83,1,1,1,1,1,"1.1","Type 4: Low % - Low %",2021-08-02
"330",83,1,3,1.29354327280322,1.23477493384273,1.3564600636581,"1.3","Type 2: Low % - High %",2021-08-02
"331",83,3,1,1.11756986932778,1.05377307420672,1.19971333224529,"3.1","Type 3: High % - Low %",2021-08-02
"332",83,3,3,1.44704435820838,1.36964724828412,1.52551182666767,"3.3","Type 1: High % - High %",2021-08-02
"333",84,1,1,1,1,1,"1.1","Type 4: Low % - Low %",2021-08-09
"334",84,1,3,1.30892963186165,1.24141793496126,1.3823779068553,"1.3","Type 2: Low % - High %",2021-08-09
"335",84,3,1,1.15839164781538,1.09759058522404,1.26103858519089,"3.1","Type 3: High % - Low %",2021-08-09
"336",84,3,3,1.52011891145609,1.45792906727218,1.60237804163823,"3.3","Type 1: High % - High %",2021-08-09
"337",85,1,1,1,1,1,"1.1","Type 4: Low % - Low %",2021-08-16
"338",85,1,3,1.29759052834307,1.2270281229546,1.36714910470702,"1.3","Type 2: Low % - High %",2021-08-16
"339",85,3,1,1.2085760480908,1.12684978030481,1.3039011122387,"3.1","Type 3: High % - Low %",2021-08-16
"340",85,3,3,1.5718399154863,1.47539617383604,1.67505864286791,"3.3","Type 1: High % - High %",2021-08-16
"341",86,1,1,1,1,1,"1.1","Type 4: Low % - Low %",2021-08-23
"342",86,1,3,1.25503094042725,1.16511963010425,1.30989413454631,"1.3","Type 2: Low % - High %",2021-08-23
"343",86,3,1,1.26438536599924,1.17891028149059,1.35054149140473,"3.1","Type 3: High % - Low %",2021-08-23
"344",86,3,3,1.58411231531204,1.47867170768586,1.68561190462826,"3.3","Type 1: High % - High %",2021-08-23
"345",87,1,1,1,1,1,"1.1","Type 4: Low % - Low %",2021-08-30
"346",87,1,3,1.18507756539851,1.09259305284898,1.24943636705575,"1.3","Type 2: Low % - High %",2021-08-30
"347",87,3,1,1.30228751022064,1.20890876924789,1.41427716394932,"3.1","Type 3: High % - Low %",2021-08-30
"348",87,3,3,1.53585219512111,1.46010801548751,1.61817079064705,"3.3","Type 1: High % - High %",2021-08-30
"349",88,1,1,1,1,1,"1.1","Type 4: Low % - Low %",2021-09-06
"350",88,1,3,1.14678108432942,1.066009724236,1.22186550976308,"1.3","Type 2: Low % - High %",2021-09-06
"351",88,3,1,1.35107017438419,1.25468933285277,1.4398131571591,"3.1","Type 3: High % - Low %",2021-09-06
"352",88,3,3,1.54504756746748,1.42868019779386,1.63466648579304,"3.3","Type 1: High % - High %",2021-09-06
"353",89,1,1,1,1,1,"1.1","Type 4: Low % - Low %",2021-09-13
"354",89,1,3,1.14774879141409,1.06820579165347,1.21932130748366,"1.3","Type 2: Low % - High %",2021-09-13
"355",89,3,1,1.35806776445351,1.24602898187727,1.47381984794285,"3.1","Type 3: High % - Low %",2021-09-13
"356",89,3,3,1.56827343052101,1.47659516906461,1.66092186181648,"3.3","Type 1: High % - High %",2021-09-13
"357",90,1,1,1,1,1,"1.1","Type 4: Low % - Low %",2021-09-20
"358",90,1,3,1.10922267953166,1.02789551783423,1.17583986319461,"1.3","Type 2: Low % - High %",2021-09-20
"359",90,3,1,1.35554187394215,1.25473700163564,1.43894444478381,"3.1","Type 3: High % - Low %",2021-09-20
"360",90,3,3,1.50935540026683,1.42421264878737,1.59600722017027,"3.3","Type 1: High % - High %",2021-09-20
"361",91,1,1,1,1,1,"1.1","Type 4: Low % - Low %",2021-09-27
"362",91,1,3,1.09693534038525,1.01706869597023,1.15264614543249,"1.3","Type 2: Low % - High %",2021-09-27
"363",91,3,1,1.35727601209174,1.26412501792027,1.48323461347333,"3.1","Type 3: High % - Low %",2021-09-27
"364",91,3,3,1.48613335110137,1.3915415483847,1.57625614771445,"3.3","Type 1: High % - High %",2021-09-27
"365",92,1,1,1,1,1,"1.1","Type 4: Low % - Low %",2021-10-04
"366",92,1,3,1.04469102006158,0.990619403629199,1.1111531525775,"1.3","Type 2: Low % - High %",2021-10-04
"367",92,3,1,1.32779517192045,1.23916951145346,1.42419957927629,"3.1","Type 3: High % - Low %",2021-10-04
"368",92,3,3,1.38411189536065,1.2843512145353,1.50409358682343,"3.3","Type 1: High % - High %",2021-10-04
"369",93,1,1,1,1,1,"1.1","Type 4: Low % - Low %",2021-10-11
"370",93,1,3,0.953799468734264,0.883831970523856,1.02790952352376,"1.3","Type 2: Low % - High %",2021-10-11
"371",93,3,1,1.25338566768765,1.165920305087,1.34207795063827,"3.1","Type 3: High % - Low %",2021-10-11
"372",93,3,3,1.20088703275411,1.10621951289837,1.26744050698683,"3.3","Type 1: High % - High %",2021-10-11
"373",94,1,1,1,1,1,"1.1","Type 4: Low % - Low %",2021-10-18
"374",94,1,3,0.885728038764912,0.832323711921354,0.941737675461761,"1.3","Type 2: Low % - High %",2021-10-18
"375",94,3,1,1.19061376464151,1.1011366068688,1.26810917891664,"3.1","Type 3: High % - Low %",2021-10-18
"376",94,3,3,1.05111589901408,0.98230406457778,1.11951524160562,"3.3","Type 1: High % - High %",2021-10-18
"377",95,1,1,1,1,1,"1.1","Type 4: Low % - Low %",2021-10-25
"378",95,1,3,0.861476543509752,0.823077992336712,0.913583773412388,"1.3","Type 2: Low % - High %",2021-10-25
"379",95,3,1,1.21572188761775,1.14260262171576,1.2897861385074,"3.1","Type 3: High % - Low %",2021-10-25
"380",95,3,3,1.04733697181862,0.986133824832454,1.11091241904948,"3.3","Type 1: High % - High %",2021-10-25
"381",96,1,1,1,1,1,"1.1","Type 4: Low % - Low %",2021-11-01
"382",96,1,3,0.873258525897089,0.837228466253987,0.919356491458188,"1.3","Type 2: Low % - High %",2021-11-01
"383",96,3,1,1.24005187453108,1.17378707404972,1.31911460783523,"3.1","Type 3: High % - Low %",2021-11-01
"384",96,3,3,1.08747750181151,1.02963657753473,1.14247108536287,"3.3","Type 1: High % - High %",2021-11-01
"385",97,1,1,1,1,1,"1.1","Type 4: Low % - Low %",2021-11-08
"386",97,1,3,0.864277788806733,0.824470664669231,0.912476725226319,"1.3","Type 2: Low % - High %",2021-11-08
"387",97,3,1,1.22328675671304,1.17482970027355,1.3021268480528,"3.1","Type 3: High % - Low %",2021-11-08
"388",97,3,3,1.0602105505487,1.01731060058354,1.11983663559718,"3.3","Type 1: High % - High %",2021-11-08
"389",98,1,1,1,1,1,"1.1","Type 4: Low % - Low %",2021-11-15
"390",98,1,3,0.903592361737085,0.866853507155312,0.94733659967171,"1.3","Type 2: Low % - High %",2021-11-15
"391",98,3,1,1.22841339890198,1.16628616611465,1.28984560109344,"3.1","Type 3: High % - Low %",2021-11-15
"392",98,3,3,1.1118849729411,1.05402622606873,1.16230405657568,"3.3","Type 1: High % - High %",2021-11-15
"393",99,1,1,1,1,1,"1.1","Type 4: Low % - Low %",2021-11-22
"394",99,1,3,0.924638331914635,0.884246652731934,0.96375530327186,"1.3","Type 2: Low % - High %",2021-11-22
"395",99,3,1,1.27766457960146,1.22154949941587,1.33435773800172,"3.1","Type 3: High % - Low %",2021-11-22
"396",99,3,3,1.18295430373776,1.12750047934922,1.23435699585968,"3.3","Type 1: High % - High %",2021-11-22
"397",100,1,1,1,1,1,"1.1","Type 4: Low % - Low %",2021-11-29
"398",100,1,3,0.935050238345304,0.891820978682743,0.982436343934279,"1.3","Type 2: Low % - High %",2021-11-29
"399",100,3,1,1.31180239918927,1.25579384130568,1.37474867349815,"3.1","Type 3: High % - Low %",2021-11-29
"400",100,3,3,1.234036145877,1.17817688966712,1.27498390207037,"3.3","Type 1: High % - High %",2021-11-29
"401",101,1,1,1,1,1,"1.1","Type 4: Low % - Low %",2021-12-06
"402",101,1,3,0.931996311065143,0.897210148499835,0.970232674733836,"1.3","Type 2: Low % - High %",2021-12-06
"403",101,3,1,1.33975940341013,1.28135851064358,1.41364167691299,"3.1","Type 3: High % - Low %",2021-12-06
"404",101,3,3,1.2466638861352,1.20690033783408,1.30271040321579,"3.3","Type 1: High % - High %",2021-12-06
"405",102,1,1,1,1,1,"1.1","Type 4: Low % - Low %",2021-12-13
"406",102,1,3,0.935393085625263,0.895920025184342,0.980983410783568,"1.3","Type 2: Low % - High %",2021-12-13
"407",102,3,1,1.31836974852597,1.24978261804012,1.40071185551753,"3.1","Type 3: High % - Low %",2021-12-13
"408",102,3,3,1.24310552136814,1.18711134253765,1.30771157581596,"3.3","Type 1: High % - High %",2021-12-13
"409",103,1,1,1,1,1,"1.1","Type 4: Low % - Low %",2021-12-20
"410",103,1,3,0.96655310636535,0.91215388633032,1.02666653002725,"1.3","Type 2: Low % - High %",2021-12-20
"411",103,3,1,1.31983155014398,1.23683586800625,1.39652805472726,"3.1","Type 3: High % - Low %",2021-12-20
"412",103,3,3,1.2769636853264,1.20962253514283,1.36244472959561,"3.3","Type 1: High % - High %",2021-12-20
"413",104,1,1,1,1,1,"1.1","Type 4: Low % - Low %",2021-12-27
"414",104,1,3,0.963392156710905,0.883467006307447,1.05188598682814,"1.3","Type 2: Low % - High %",2021-12-27
"415",104,3,1,1.29958815307971,1.20364208524345,1.3987474643428,"3.1","Type 3: High % - Low %",2021-12-27
"416",104,3,3,1.25276516976529,1.16272778939599,1.34827757868499,"3.3","Type 1: High % - High %",2021-12-27
